transaction_id,customer_id,timestamp,amount,payment_method,device_id,location,failed_attempts,account_age_days,previous_chargebacks,transaction_status,is_fraud
TX10610,C1018,2026-06-06 18:24:11,3468.97,Debit Card,DEV_5498,Mumbai,0,797,0,historical,0
TX10263,C1007,2026-06-06 20:32:11,6739.42,Credit Card,DEV_2645,Noida,1,315,0,historical,0
TX11047,C1047,2026-06-07 05:10:11,29206.37,Netbanking,DEV_4137,Gurugram,5,504,0,historical,1
TX10882,C1027,2026-06-07 10:52:11,17562.74,Credit Card,DEV_2006,Hyderabad,3,354,0,historical,1
TX10751,C1008,2026-06-07 13:04:11,5755.78,UPI,DEV_9033,Noida,0,402,0,historical,0
TX10520,C1007,2026-06-07 13:10:11,2259.48,Credit Card,DEV_2645,Pune,0,315,0,historical,0
TX10271,C1014,2026-06-07 15:04:11,3191.76,Credit Card,DEV_7098,Pune,0,335,2,historical,0
TX10964,C1001,2026-06-07 20:46:11,3792.41,Debit Card,DEV_1626,Pune,1,281,0,historical,0
TX10466,C1030,2026-06-07 22:37:11,1522.35,Netbanking,DEV_9531,Delhi,0,899,0,historical,0
TX10116,C1013,2026-06-08 01:40:11,34995.85,UPI,DEV_9123,Hyderabad,3,538,0,historical,1
TX10654,C1040,2026-06-08 05:41:11,6383.26,Debit Card,DEV_1444,Hyderabad,0,243,0,historical,0
TX10152,C1039,2026-06-08 05:59:11,17587.91,Wallet,DEV_1419,Ahmedabad,1,669,0,historical,0
TX10559,C1033,2026-06-08 07:07:11,13399.79,Netbanking,DEV_8140,Bengaluru,0,869,0,historical,0
TX11008,C1011,2026-06-08 08:44:11,9057.87,Netbanking,DEV_6825,Kolkata,0,244,0,historical,0
TX10060,C1002,2026-06-08 09:55:11,6017.41,Wallet,DEV_4276,Gurugram,1,446,0,historical,0
TX10986,C1010,2026-06-08 11:55:11,17430.07,Credit Card,DEV_1057,New York,4,342,0,historical,1
TX10834,C1047,2026-06-08 14:25:11,5557.7,Debit Card,DEV_4137,Gurugram,1,504,0,historical,0
TX10815,C1047,2026-06-08 15:13:11,1918.4,Debit Card,DEV_4137,Gurugram,0,504,0,historical,0
TX10893,C1030,2026-06-08 15:50:11,4713.38,Netbanking,DEV_8913,Delhi,0,899,0,historical,0
TX10779,C1008,2026-06-08 17:10:11,6800.04,Netbanking,DEV_3788,Noida,0,402,0,historical,0
TX10553,C1007,2026-06-08 17:37:11,7701.17,Netbanking,DEV_8767,Pune,0,315,0,historical,0
TX10671,C1006,2026-06-09 00:40:11,3315.36,Netbanking,DEV_2390,Bengaluru,0,435,0,historical,0
TX10982,C1041,2026-06-09 03:19:11,1194.86,Debit Card,DEV_7952,Mumbai,0,341,0,historical,0
TX10367,C1043,2026-06-09 07:12:11,1471.47,UPI,DEV_5498,Hyderabad,0,374,0,historical,0
TX10156,C1004,2026-06-09 08:09:11,10902.85,Credit Card,DEV_9066,Chennai,0,135,0,historical,0
TX10232,C1005,2026-06-09 09:19:11,1671.23,Netbanking,DEV_7256,Jaipur,0,481,0,historical,0
TX10699,C1036,2026-06-09 09:50:11,3111.59,Credit Card,DEV_2390,Noida,0,647,0,historical,0
TX10901,C1010,2026-06-09 09:51:11,5987.93,UPI,DEV_8913,Hyderabad,0,342,0,historical,0
TX10670,C1021,2026-06-09 17:17:11,2095.55,Wallet,DEV_3682,Bengaluru,0,368,0,historical,0
TX10826,C1020,2026-06-09 20:23:11,864.82,Wallet,DEV_5498,Chennai,0,172,0,historical,0
TX10605,C1035,2026-06-09 20:25:11,13710.24,Credit Card,DEV_2056,Pune,0,31,0,historical,0
TX10508,C1028,2026-06-09 20:27:11,14944.39,Netbanking,DEV_9578,Bengaluru,3,16,0,historical,1
TX10629,C1018,2026-06-09 20:58:11,13330.94,Credit Card,DEV_5498,Mumbai,2,797,0,historical,1
TX10740,C1005,2026-06-09 23:09:11,1539.9,Netbanking,DEV_7256,Jaipur,0,481,0,historical,0
TX10042,C1018,2026-06-10 01:50:11,1375.5,Debit Card,DEV_9903,Mumbai,0,797,0,historical,0
TX10483,C1033,2026-06-10 06:17:11,17606.0,Wallet,DEV_1842,Delhi,1,869,0,historical,0
TX10081,C1025,2026-06-10 09:09:11,3514.76,Debit Card,DEV_9033,Noida,0,679,0,historical,0
TX10773,C1044,2026-06-10 10:03:11,2343.48,UPI,DEV_9838,Ahmedabad,0,21,0,historical,0
TX10523,C1005,2026-06-10 10:10:11,1756.15,Credit Card,DEV_7256,Jaipur,0,481,0,historical,0
TX10953,C1030,2026-06-10 16:23:11,4818.24,Netbanking,DEV_8913,Delhi,0,899,0,historical,0
TX10301,C1045,2026-06-11 01:53:11,19235.99,Debit Card,DEV_FRAUD_BURST_99,London,2,560,0,historical,1
TX10871,C1011,2026-06-11 02:00:11,7534.75,UPI,DEV_9066,Kolkata,0,244,0,historical,0
TX10058,C1041,2026-06-11 02:59:11,687.8,Debit Card,DEV_7952,Mumbai,0,341,0,historical,0
TX10369,C1002,2026-06-11 03:05:11,2320.49,UPI,DEV_4276,Chennai,0,446,0,historical,0
TX10269,C1017,2026-06-11 12:33:11,1184.64,UPI,DEV_1278,Bengaluru,1,64,0,historical,0
TX10841,C1020,2026-06-11 13:55:11,1103.67,Debit Card,DEV_5498,Chennai,0,172,0,historical,0
TX10024,C1012,2026-06-11 14:24:11,2534.88,UPI,DEV_5639,Jaipur,0,502,0,historical,0
TX10804,C1042,2026-06-11 17:40:11,1829.39,UPI,DEV_2564,Bengaluru,0,750,0,historical,0
TX10512,C1018,2026-06-11 18:17:11,1952.91,Debit Card,DEV_5498,Mumbai,0,797,0,historical,0
TX10509,C1045,2026-06-11 18:35:11,2674.4,UPI,DEV_2645,Delhi,0,560,0,historical,0
TX10376,C1040,2026-06-11 19:01:11,16210.69,Wallet,DEV_1444,Hyderabad,1,243,0,historical,0
TX10669,C1016,2026-06-11 20:04:11,1360.22,Netbanking,DEV_3788,Ahmedabad,0,271,0,historical,0
TX10704,C1040,2026-06-11 21:18:11,11436.2,UPI,DEV_2930,Hyderabad,0,243,0,historical,0
TX10235,C1041,2026-06-11 22:39:11,1165.47,Netbanking,DEV_7952,Mumbai,0,341,0,historical,0
TX10432,C1031,2026-06-12 01:05:11,4346.47,Wallet,DEV_5393,Bengaluru,0,324,0,historical,0
TX10668,C1029,2026-06-12 03:19:11,1020.43,Netbanking,DEV_8010,Chennai,0,639,0,historical,0
TX11009,C1029,2026-06-12 04:02:11,1735.2,Netbanking,DEV_8010,Chennai,0,639,0,historical,0
TX10538,C1023,2026-06-12 04:48:11,7690.04,UPI,DEV_6617,Kolkata,1,441,0,historical,0
TX10422,C1038,2026-06-12 05:10:11,397.07,Wallet,DEV_7012,Ahmedabad,0,396,0,historical,0
TX11026,C1029,2026-06-12 09:47:11,1882.28,Debit Card,DEV_8010,Chennai,0,639,0,historical,0
TX10963,C1017,2026-06-12 17:28:11,938.47,UPI,DEV_1278,Ahmedabad,0,64,0,historical,0
TX10728,C1033,2026-06-12 17:47:11,8265.11,Credit Card,DEV_1842,Bengaluru,0,869,0,historical,0
TX10981,C1002,2026-06-12 17:50:11,1904.5,Credit Card,DEV_4276,Gurugram,0,446,0,historical,0
TX10931,C1007,2026-06-12 20:44:11,4194.99,Netbanking,DEV_2645,Pune,0,315,0,historical,0
TX10073,C1017,2026-06-12 23:24:11,652.51,Netbanking,DEV_1278,Ahmedabad,0,64,0,historical,0
TX10721,C1004,2026-06-12 23:50:11,7992.01,Netbanking,DEV_3824,Chennai,0,135,0,historical,0
TX11046,C1028,2026-06-13 00:22:11,2831.75,Netbanking,DEV_9578,Bengaluru,0,16,0,historical,0
TX11040,C1003,2026-06-13 00:23:11,2229.36,Netbanking,DEV_8883,Delhi,0,741,0,historical,0
TX10687,C1012,2026-06-13 02:48:11,3712.67,Credit Card,DEV_5639,Jaipur,0,502,0,historical,0
TX10189,C1011,2026-06-13 06:26:11,23776.61,UPI,DEV_9066,Kolkata,5,244,0,historical,1
TX10541,C1024,2026-06-13 06:29:11,1593.44,Wallet,DEV_8843,Bengaluru,0,7,0,historical,0
TX10569,C1021,2026-06-13 07:06:11,17029.34,Debit Card,DEV_1842,New York,3,368,0,historical,1
TX10496,C1032,2026-06-13 14:19:11,1847.31,Wallet,DEV_8224,Mumbai,0,664,0,historical,0
TX10019,C1000,2026-06-13 19:58:11,885.0,Wallet,DEV_6617,Ahmedabad,0,874,0,historical,0
TX10128,C1012,2026-06-13 21:56:11,3272.07,Credit Card,DEV_3788,Jaipur,1,502,0,historical,0
TX10397,C1027,2026-06-13 23:09:11,5255.45,Netbanking,DEV_5310,Hyderabad,0,354,0,historical,0
TX10443,C1002,2026-06-14 00:56:11,1535.19,Debit Card,DEV_4276,Gurugram,0,446,0,historical,0
TX10164,C1027,2026-06-14 07:22:11,3830.74,UPI,DEV_5310,Hyderabad,0,354,0,historical,0
TX10161,C1027,2026-06-14 07:53:11,10648.43,Debit Card,DEV_5310,Hyderabad,0,354,0,historical,0
TX10217,C1023,2026-06-14 08:31:11,5837.33,UPI,DEV_6617,Hyderabad,0,441,0,historical,0
TX10705,C1002,2026-06-14 14:01:11,1954.68,UPI,DEV_4276,Gurugram,0,446,0,historical,0
TX10772,C1020,2026-06-14 14:30:11,538.44,Debit Card,DEV_5498,Chennai,1,172,0,historical,0
TX10593,C1045,2026-06-14 14:39:11,1831.71,Netbanking,DEV_2645,Delhi,0,560,0,historical,0
TX10583,C1042,2026-06-14 16:08:11,1865.24,Debit Card,DEV_2564,Bengaluru,0,750,0,historical,0
TX10880,C1027,2026-06-14 17:01:11,7316.36,Credit Card,DEV_5310,Hyderabad,0,354,0,historical,0
TX10677,C1035,2026-06-14 23:27:11,8026.77,Credit Card,DEV_2056,Pune,0,31,0,historical,0
TX10707,C1004,2026-06-15 00:03:11,14702.9,Credit Card,DEV_3824,Chennai,1,135,0,historical,0
TX10675,C1040,2026-06-15 00:17:11,3665.96,UPI,DEV_9033,Hyderabad,0,243,0,historical,0
TX10992,C1011,2026-06-15 03:32:11,8021.46,Netbanking,DEV_2033,Kolkata,0,244,0,historical,0
TX10211,C1008,2026-06-15 04:49:11,11697.32,Wallet,DEV_9033,Noida,1,402,0,historical,0
TX10765,C1026,2026-06-15 04:56:11,2059.9,Credit Card,DEV_5252,Mumbai,2,835,0,historical,1
TX10325,C1029,2026-06-15 04:57:11,1482.49,Debit Card,DEV_8010,Chennai,0,639,0,historical,0
TX10828,C1027,2026-06-15 05:09:11,4822.55,Wallet,DEV_5310,Hyderabad,0,354,0,historical,0
TX10041,C1019,2026-06-15 05:23:11,696.33,Credit Card,DEV_7103,Jaipur,0,744,0,historical,0
TX10892,C1036,2026-06-15 07:18:11,1767.04,Credit Card,DEV_2390,Mumbai,0,647,0,historical,0
TX10609,C1039,2026-06-15 09:57:11,9336.84,Wallet,DEV_1419,Ahmedabad,0,669,0,historical,0
TX10761,C1011,2026-06-15 10:24:11,5161.45,Wallet,DEV_9066,Delhi,0,244,0,historical,0
TX10976,C1034,2026-06-15 14:40:11,9712.5,Credit Card,DEV_FRAUD_BURST_99,New York,2,577,0,historical,1
TX10539,C1019,2026-06-15 18:35:11,1683.75,Netbanking,DEV_7103,Jaipur,0,744,0,historical,0
TX10956,C1035,2026-06-15 20:56:11,13066.66,UPI,DEV_2056,Pune,0,31,0,historical,0
TX10762,C1005,2026-06-15 21:40:11,3998.23,Debit Card,DEV_4739,Jaipur,1,481,0,historical,1
TX10208,C1022,2026-06-15 23:26:11,677.95,Wallet,DEV_3551,Chennai,0,346,0,historical,0
TX10551,C1034,2026-06-15 23:40:11,3823.36,Netbanking,DEV_9033,Mumbai,0,577,0,historical,0
TX10098,C1028,2026-06-16 01:12:11,2426.44,Wallet,DEV_9578,Bengaluru,0,16,0,historical,0
TX10261,C1000,2026-06-16 03:33:11,1509.55,Credit Card,DEV_6617,Ahmedabad,0,874,0,historical,0
TX10210,C1033,2026-06-16 07:49:11,9592.35,Netbanking,DEV_1842,Bengaluru,0,869,0,historical,0
TX10353,C1005,2026-06-16 08:01:11,1474.65,Debit Card,DEV_7256,Jaipur,0,481,0,historical,0
TX10121,C1009,2026-06-16 08:26:11,11244.44,Netbanking,DEV_8224,Jaipur,1,378,0,historical,0
TX11015,C1040,2026-06-16 08:28:11,11824.12,Wallet,DEV_1444,Chennai,1,243,0,historical,0
TX10912,C1040,2026-06-16 12:10:11,5995.27,Wallet,DEV_1444,Hyderabad,0,243,0,historical,0
TX10929,C1013,2026-06-16 13:38:11,3628.44,Credit Card,DEV_9123,Hyderabad,0,538,0,historical,0
TX10584,C1018,2026-06-16 15:20:11,11453.25,Credit Card,DEV_8010,London,2,797,0,historical,1
TX10441,C1000,2026-06-16 15:43:11,2452.13,Netbanking,DEV_6617,Ahmedabad,1,874,0,historical,0
TX11020,C1002,2026-06-16 16:19:11,2864.15,Netbanking,DEV_4276,Gurugram,0,446,0,historical,0
TX10139,C1008,2026-06-16 17:57:11,6929.42,Debit Card,DEV_9033,Noida,0,402,0,historical,0
TX11053,C1004,2026-06-17 00:42:11,28979.78,Netbanking,DEV_9033,London,4,135,0,historical,1
TX10196,C1034,2026-06-17 05:21:11,4385.53,UPI,DEV_9033,Mumbai,0,577,0,historical,0
TX10606,C1014,2026-06-17 06:05:11,993.92,UPI,DEV_7098,Pune,0,335,2,historical,0
TX11031,C1003,2026-06-17 09:02:11,1871.68,UPI,DEV_8883,Delhi,0,741,0,historical,0
TX10544,C1007,2026-06-17 10:06:11,2231.79,UPI,DEV_2645,Bengaluru,0,315,0,historical,0
TX10240,C1002,2026-06-17 15:24:11,1199.32,Wallet,DEV_4276,Gurugram,0,446,0,historical,0
TX10151,C1042,2026-06-17 17:59:11,4418.42,Netbanking,DEV_2564,Bengaluru,1,750,0,historical,0
TX10281,C1047,2026-06-17 18:11:11,11479.17,Debit Card,DEV_4137,Gurugram,1,504,0,historical,0
TX10447,C1000,2026-06-17 20:03:11,1522.29,UPI,DEV_6617,Ahmedabad,1,874,0,historical,0
TX10545,C1046,2026-06-17 22:04:11,3184.9,Netbanking,DEV_FRAUD_BURST_99,London,2,94,0,historical,1
TX10306,C1002,2026-06-17 23:15:11,2295.79,Wallet,DEV_4276,Gurugram,0,446,0,historical,0
TX10571,C1017,2026-06-18 02:12:11,789.9,UPI,DEV_1278,Ahmedabad,0,64,0,historical,0
TX10844,C1035,2026-06-18 04:47:11,8087.9,Credit Card,DEV_2056,Pune,0,31,0,historical,0
TX10431,C1018,2026-06-18 09:12:11,12518.73,UPI,DEV_FRAUD_BURST_99,New York,2,797,0,historical,1
TX10218,C1037,2026-06-18 10:04:11,2287.23,Debit Card,DEV_2154,Chennai,0,613,0,historical,0
TX10010,C1031,2026-06-18 10:31:11,3749.45,UPI,DEV_5393,Bengaluru,0,324,0,historical,0
TX11045,C1012,2026-06-18 11:53:11,1511.92,Netbanking,DEV_5639,Jaipur,0,502,0,historical,0
TX11003,C1021,2026-06-18 13:21:11,3152.73,Credit Card,DEV_3682,Bengaluru,0,368,0,historical,0
TX10736,C1008,2026-06-18 14:48:11,7189.84,Wallet,DEV_9033,Noida,0,402,0,historical,0
TX11024,C1016,2026-06-18 15:40:11,1616.19,Netbanking,DEV_3788,Ahmedabad,0,271,0,historical,0
TX10967,C1015,2026-06-18 16:29:11,3082.64,Credit Card,DEV_1842,Mumbai,0,154,0,historical,0
TX10373,C1004,2026-06-18 16:34:11,7206.78,UPI,DEV_3824,Chennai,0,135,0,historical,0
TX10171,C1022,2026-06-18 18:02:11,745.59,Wallet,DEV_3551,Chennai,0,346,0,historical,0
TX10029,C1027,2026-06-18 19:21:11,4077.49,Credit Card,DEV_5310,Hyderabad,0,354,0,historical,0
TX10265,C1032,2026-06-18 21:30:11,5078.7,UPI,DEV_8224,Mumbai,0,664,0,historical,0
TX10933,C1040,2026-06-18 22:31:11,15651.1,Debit Card,DEV_1444,Hyderabad,1,243,0,historical,0
TX10193,C1016,2026-06-18 23:37:11,2401.93,Credit Card,DEV_3788,Ahmedabad,0,271,0,historical,0
TX10340,C1032,2026-06-18 23:56:11,2196.9,Wallet,DEV_8224,Mumbai,0,664,0,historical,0
TX10244,C1037,2026-06-19 00:52:11,9745.47,Debit Card,DEV_1626,London,4,613,0,historical,1
TX10974,C1007,2026-06-19 03:09:11,6130.5,Debit Card,DEV_2645,Pune,0,315,0,historical,0
TX10370,C1044,2026-06-19 06:33:11,1019.92,Debit Card,DEV_9838,Ahmedabad,0,21,0,historical,0
TX10980,C1016,2026-06-19 07:06:11,4330.04,Credit Card,DEV_3788,Ahmedabad,1,271,0,historical,0
TX10311,C1037,2026-06-19 07:58:11,2448.29,Netbanking,DEV_2154,Chennai,1,613,0,historical,0
TX10147,C1023,2026-06-19 11:09:11,9244.85,Netbanking,DEV_6617,Hyderabad,1,441,0,historical,0
TX10172,C1026,2026-06-19 11:42:11,535.96,Credit Card,DEV_8880,Mumbai,0,835,0,historical,0
TX10136,C1028,2026-06-19 13:22:11,1895.57,Debit Card,DEV_4187,Bengaluru,0,16,0,historical,0
TX10939,C1010,2026-06-19 19:42:11,3609.91,Wallet,DEV_8913,Hyderabad,0,342,0,historical,0
TX10917,C1020,2026-06-19 21:24:11,931.67,Debit Card,DEV_5498,Chennai,0,172,0,historical,0
TX10313,C1006,2026-06-19 21:45:11,1587.68,Wallet,DEV_2390,Noida,0,435,0,historical,0
TX10130,C1042,2026-06-19 22:58:11,2926.85,Netbanking,DEV_2564,Bengaluru,0,750,0,historical,0
TX10357,C1011,2026-06-20 02:39:11,6425.16,Netbanking,DEV_1057,Kolkata,0,244,0,historical,0
TX10059,C1026,2026-06-20 03:28:11,631.46,Debit Card,DEV_6617,Mumbai,0,835,0,historical,0
TX10763,C1023,2026-06-20 03:45:11,2869.51,Debit Card,DEV_6617,Hyderabad,0,441,0,historical,0
TX10589,C1001,2026-06-20 05:13:11,2225.16,Debit Card,DEV_8616,Pune,0,281,0,historical,0
TX10069,C1001,2026-06-20 07:05:11,2453.81,Credit Card,DEV_9033,Pune,0,281,0,historical,0
TX10807,C1040,2026-06-20 07:47:11,5242.41,Netbanking,DEV_1444,Hyderabad,0,243,0,historical,0
TX10556,C1022,2026-06-20 09:48:11,1944.45,UPI,DEV_9168,New York,2,346,0,historical,1
TX10588,C1045,2026-06-20 11:09:11,1661.59,Debit Card,DEV_2645,Delhi,0,560,0,historical,0
TX10943,C1011,2026-06-20 12:54:11,2327.55,Wallet,DEV_9066,Kolkata,0,244,0,historical,0
TX10990,C1018,2026-06-20 15:20:11,1934.76,Credit Card,DEV_5498,Mumbai,0,797,0,historical,0
TX10511,C1026,2026-06-20 15:39:11,304.16,UPI,DEV_8880,Mumbai,0,835,0,historical,0
TX10698,C1015,2026-06-20 18:15:11,1816.16,UPI,DEV_1842,Delhi,0,154,0,historical,0
TX11023,C1021,2026-06-20 18:49:11,23362.66,Credit Card,DEV_8095,New York,1,368,0,historical,1
TX10131,C1046,2026-06-20 19:40:11,4020.53,Netbanking,DEV_8616,Noida,5,94,0,historical,1
TX11000,C1036,2026-06-20 23:14:11,1770.63,Credit Card,DEV_2390,Mumbai,0,647,0,historical,0
TX10420,C1004,2026-06-21 01:17:11,9015.48,UPI,DEV_2564,Chennai,0,135,0,historical,0
TX10017,C1044,2026-06-21 02:47:11,1696.96,UPI,DEV_9838,Ahmedabad,0,21,0,historical,0
TX10717,C1014,2026-06-21 06:40:11,1945.24,UPI,DEV_7098,Pune,0,335,2,historical,0
TX10667,C1001,2026-06-21 10:26:11,831.97,UPI,DEV_1626,Pune,0,281,0,historical,0
TX10839,C1010,2026-06-21 10:59:11,4856.65,Credit Card,DEV_8913,Hyderabad,0,342,0,historical,0
TX10243,C1047,2026-06-21 11:02:11,4791.49,Wallet,DEV_4137,Gurugram,0,504,0,historical,0
TX10888,C1000,2026-06-21 11:56:11,2474.03,Netbanking,DEV_3682,Ahmedabad,0,874,0,historical,0
TX10738,C1015,2026-06-21 15:51:11,3039.38,Credit Card,DEV_6117,Delhi,0,154,0,historical,0
TX10874,C1015,2026-06-21 18:16:11,3966.11,UPI,DEV_1842,Delhi,0,154,0,historical,0
TX10853,C1007,2026-06-21 19:30:11,6522.84,Debit Card,DEV_2645,Pune,0,315,0,historical,0
TX10648,C1029,2026-06-21 19:49:11,802.51,Credit Card,DEV_8010,Chennai,0,639,0,historical,0
TX10192,C1000,2026-06-21 23:52:11,2377.95,Wallet,DEV_9838,Ahmedabad,0,874,0,historical,0
TX10714,C1039,2026-06-22 03:27:11,16555.52,Debit Card,DEV_1419,Ahmedabad,1,669,0,historical,0
TX10475,C1041,2026-06-22 04:15:11,593.6,Debit Card,DEV_7952,Mumbai,0,341,0,historical,0
TX10881,C1010,2026-06-22 04:44:11,2665.92,Debit Card,DEV_8913,Hyderabad,0,342,0,historical,0
TX10046,C1031,2026-06-22 05:39:11,12332.03,Debit Card,DEV_5393,Bengaluru,0,324,0,historical,0
TX10891,C1019,2026-06-22 10:38:11,1006.41,Wallet,DEV_7103,Jaipur,0,744,0,historical,0
TX10635,C1007,2026-06-22 15:05:11,2726.59,Wallet,DEV_2645,Pune,0,315,0,historical,0
TX10827,C1023,2026-06-22 16:01:11,4777.99,Credit Card,DEV_6617,Hyderabad,0,441,0,historical,0
TX10676,C1026,2026-06-22 17:38:11,1316.49,Debit Card,DEV_8880,Mumbai,1,835,0,historical,0
TX10100,C1045,2026-06-22 18:15:11,2417.49,Wallet,DEV_2645,Delhi,0,560,0,historical,0
TX10119,C1002,2026-06-22 19:07:11,3105.09,Credit Card,DEV_4276,Gurugram,0,446,0,historical,0
TX10182,C1014,2026-06-22 19:26:11,1562.13,UPI,DEV_8140,Pune,1,335,2,historical,0
TX10696,C1042,2026-06-22 19:35:11,1624.25,Netbanking,DEV_2564,Bengaluru,0,750,0,historical,0
TX10026,C1013,2026-06-22 20:14:11,4406.82,Credit Card,DEV_9123,Hyderabad,0,538,0,historical,0
TX10356,C1021,2026-06-22 20:55:11,4634.71,Netbanking,DEV_3682,Bengaluru,0,368,0,historical,0
TX10865,C1011,2026-06-22 21:26:11,4765.5,Netbanking,DEV_9066,Kolkata,0,244,0,historical,0
TX10354,C1037,2026-06-22 21:42:11,2239.1,UPI,DEV_2154,Chennai,0,613,0,historical,0
TX10094,C1026,2026-06-23 04:09:11,819.43,Debit Card,DEV_8880,Mumbai,0,835,0,historical,0
TX10492,C1036,2026-06-23 07:28:11,3937.77,Debit Card,DEV_2390,Mumbai,1,647,0,historical,0
TX10074,C1044,2026-06-23 09:48:11,1278.73,Wallet,DEV_9838,Ahmedabad,0,21,0,historical,0
TX10528,C1009,2026-06-23 10:27:11,3795.07,Debit Card,DEV_8224,Jaipur,0,378,0,historical,0
TX10478,C1045,2026-06-23 12:47:11,3465.45,Wallet,DEV_2645,Delhi,0,560,0,historical,0
TX10198,C1035,2026-06-23 15:15:11,9073.41,Debit Card,DEV_2056,Pune,0,31,0,historical,0
TX10022,C1033,2026-06-23 15:34:11,6712.13,Netbanking,DEV_1842,Bengaluru,0,869,0,historical,0
TX10948,C1005,2026-06-23 16:31:11,11251.82,UPI,DEV_7256,Jaipur,4,481,0,historical,1
TX10284,C1018,2026-06-23 17:01:11,3951.46,Credit Card,DEV_5498,Mumbai,0,797,0,historical,0
TX10656,C1017,2026-06-23 17:32:11,905.77,Wallet,DEV_1278,Ahmedabad,0,64,0,historical,0
TX10419,C1021,2026-06-23 18:44:11,4096.89,UPI,DEV_3682,Bengaluru,0,368,0,historical,0
TX10449,C1037,2026-06-23 23:38:11,7885.13,Netbanking,DEV_8140,Chennai,1,613,0,historical,1
TX10928,C1033,2026-06-24 02:02:11,7393.18,Credit Card,DEV_1842,Bengaluru,0,869,0,historical,0
TX10747,C1035,2026-06-24 03:10:11,9811.84,Wallet,DEV_2056,Pune,0,31,0,historical,0
TX10613,C1014,2026-06-24 03:38:11,12360.65,Debit Card,DEV_FRAUD_BURST_99,London,2,335,2,historical,1
TX10321,C1027,2026-06-24 04:14:11,4659.89,Wallet,DEV_4276,Hyderabad,0,354,0,historical,0
TX10105,C1033,2026-06-24 06:05:11,43279.28,Wallet,DEV_8203,New York,3,869,0,historical,1
TX11048,C1004,2026-06-24 10:01:11,8764.32,Wallet,DEV_3824,Chennai,0,135,0,historical,0
TX10716,C1015,2026-06-24 12:17:11,19693.71,Wallet,DEV_1842,Delhi,2,154,0,historical,1
TX10317,C1040,2026-06-24 13:21:11,6987.84,Wallet,DEV_1444,Hyderabad,0,243,0,historical,0
TX10107,C1013,2026-06-24 13:31:11,7173.31,UPI,DEV_9123,Hyderabad,0,538,0,historical,0
TX10068,C1019,2026-06-24 13:54:11,559.32,Netbanking,DEV_7103,Chennai,0,744,0,historical,0
TX10616,C1022,2026-06-24 14:33:11,805.95,Wallet,DEV_3551,Chennai,0,346,0,historical,0
TX10560,C1027,2026-06-24 18:40:11,7889.74,Debit Card,DEV_5310,Ahmedabad,0,354,0,historical,0
TX10936,C1046,2026-06-24 18:48:11,987.08,UPI,DEV_6908,Noida,0,94,0,historical,0
TX11018,C1013,2026-06-24 20:40:11,6922.32,Debit Card,DEV_9123,Hyderabad,0,538,0,historical,0
TX10924,C1043,2026-06-24 21:06:11,2183.44,Netbanking,DEV_5498,Hyderabad,0,374,0,historical,0
TX10043,C1005,2026-06-24 21:33:11,1667.15,Wallet,DEV_3682,Jaipur,0,481,0,historical,0
TX10091,C1009,2026-06-25 01:13:11,3992.68,Debit Card,DEV_8224,Jaipur,0,378,0,historical,0
TX11021,C1028,2026-06-25 02:34:11,13955.37,UPI,DEV_1444,New York,1,16,0,historical,1
TX10680,C1037,2026-06-25 04:28:11,3585.66,Netbanking,DEV_2154,Chennai,0,613,0,historical,0
TX10030,C1022,2026-06-25 05:22:11,424.39,Netbanking,DEV_3551,Chennai,0,346,0,historical,0
TX10621,C1012,2026-06-25 07:48:11,3608.54,Credit Card,DEV_5639,Jaipur,0,502,0,historical,0
TX10044,C1044,2026-06-25 08:11:11,2627.55,UPI,DEV_9838,Ahmedabad,0,21,0,historical,0
TX10706,C1047,2026-06-25 09:22:11,4272.58,UPI,DEV_4137,Gurugram,0,504,0,historical,0
TX10824,C1001,2026-06-25 11:54:11,1564.84,Credit Card,DEV_1626,Pune,0,281,0,historical,0
TX10869,C1015,2026-06-25 15:23:11,18120.27,Netbanking,DEV_5390,New York,3,154,0,historical,1
TX10472,C1038,2026-06-25 15:56:11,350.24,Wallet,DEV_7012,Ahmedabad,0,396,0,historical,0
TX10415,C1043,2026-06-25 16:59:11,1769.78,Debit Card,DEV_5498,Hyderabad,0,374,0,historical,0
TX10234,C1040,2026-06-25 18:16:11,8387.39,UPI,DEV_1444,Hyderabad,0,243,0,historical,0
TX10876,C1014,2026-06-25 19:02:11,2239.41,Credit Card,DEV_7098,Pune,0,335,2,historical,0
TX10329,C1030,2026-06-25 19:09:11,5033.96,Netbanking,DEV_8913,Delhi,0,899,0,historical,0
TX10673,C1036,2026-06-25 19:13:11,7663.38,UPI,DEV_1278,New York,1,647,0,historical,1
TX10031,C1030,2026-06-25 19:46:11,4592.99,UPI,DEV_8913,Delhi,0,899,0,historical,0
TX10959,C1021,2026-06-25 19:51:11,4481.84,UPI,DEV_3085,Bengaluru,0,368,0,historical,0
TX11030,C1012,2026-06-25 21:21:11,3236.98,Debit Card,DEV_5639,Jaipur,0,502,0,historical,0
TX10332,C1036,2026-06-25 21:24:11,2778.11,Debit Card,DEV_2390,Mumbai,0,647,0,historical,0
TX10342,C1007,2026-06-25 22:18:11,5648.43,UPI,DEV_2645,Pune,0,315,0,historical,0
TX10796,C1000,2026-06-25 22:51:11,1119.0,Wallet,DEV_6617,Ahmedabad,0,874,0,historical,0
TX10501,C1025,2026-06-26 01:42:11,9093.69,UPI,DEV_9033,Noida,1,679,0,historical,0
TX10760,C1026,2026-06-26 02:21:11,356.77,UPI,DEV_8880,Mumbai,0,835,0,historical,0
TX10942,C1047,2026-06-26 03:55:11,2486.19,Netbanking,DEV_4137,Gurugram,0,504,0,historical,0
TX10468,C1018,2026-06-26 06:28:11,4439.77,Credit Card,DEV_5498,Ahmedabad,1,797,0,historical,0
TX10303,C1027,2026-06-26 08:25:11,22431.25,Netbanking,DEV_8913,Hyderabad,3,354,0,historical,1
TX10467,C1029,2026-06-26 14:23:11,7633.69,Credit Card,DEV_7441,London,2,639,0,historical,1
TX10935,C1006,2026-06-26 15:37:11,1884.15,UPI,DEV_2390,Ahmedabad,0,435,0,historical,0
TX10350,C1029,2026-06-26 16:25:11,1427.13,Wallet,DEV_8010,Chennai,0,639,0,historical,0
TX10001,C1047,2026-06-26 18:21:11,8128.7,UPI,DEV_4137,Gurugram,1,504,0,historical,0
TX10183,C1045,2026-06-26 19:03:11,2154.39,UPI,DEV_2645,Delhi,0,560,0,historical,0
TX10236,C1006,2026-06-26 19:15:11,2497.85,Credit Card,DEV_2390,Bengaluru,1,435,0,historical,0
TX10479,C1022,2026-06-27 00:44:11,794.32,Debit Card,DEV_3551,Chennai,0,346,0,historical,0
TX10800,C1018,2026-06-27 02:22:11,9148.03,Credit Card,DEV_6426,Mumbai,3,797,0,historical,1
TX10788,C1026,2026-06-27 04:45:11,940.01,Wallet,DEV_8880,Mumbai,1,835,0,historical,0
TX10713,C1041,2026-06-27 05:39:11,1429.5,UPI,DEV_7952,Mumbai,0,341,0,historical,0
TX10497,C1039,2026-06-27 06:36:11,11679.25,Credit Card,DEV_4063,Ahmedabad,0,669,0,historical,0
TX10005,C1016,2026-06-27 07:05:11,2832.09,UPI,DEV_9033,Ahmedabad,0,271,0,historical,0
TX10582,C1038,2026-06-27 07:10:11,463.4,UPI,DEV_7012,Ahmedabad,0,396,0,historical,0
TX10400,C1002,2026-06-27 09:17:11,2257.3,UPI,DEV_4276,Gurugram,0,446,0,historical,0
TX10153,C1044,2026-06-27 09:39:11,2415.1,Debit Card,DEV_9838,Ahmedabad,0,21,0,historical,0
TX10170,C1042,2026-06-27 10:10:11,905.03,UPI,DEV_6117,Bengaluru,0,750,0,historical,0
TX10661,C1004,2026-06-27 10:17:11,5960.68,Wallet,DEV_3824,Chennai,0,135,0,historical,0
TX10020,C1010,2026-06-27 11:04:11,3021.77,UPI,DEV_8913,Hyderabad,0,342,0,historical,0
TX10228,C1004,2026-06-27 11:19:11,8571.9,Credit Card,DEV_3824,Chennai,0,135,0,historical,0
TX10118,C1027,2026-06-27 12:09:11,10351.13,Wallet,DEV_5310,Hyderabad,0,354,0,historical,0
TX10048,C1014,2026-06-27 17:39:11,2862.71,Netbanking,DEV_7098,Pune,0,335,2,historical,0
TX10652,C1020,2026-06-27 21:17:11,1952.02,Wallet,DEV_5498,Chennai,1,172,0,historical,0
TX10960,C1020,2026-06-28 00:36:11,1400.19,Credit Card,DEV_2645,Chennai,0,172,0,historical,0
TX10227,C1047,2026-06-28 02:35:11,2684.59,Debit Card,DEV_4137,Gurugram,0,504,0,historical,0
TX10299,C1029,2026-06-28 03:38:11,1019.3,Wallet,DEV_8010,Chennai,0,639,0,historical,0
TX10186,C1041,2026-06-28 04:20:11,1070.65,UPI,DEV_7952,Mumbai,0,341,0,historical,0
TX10364,C1044,2026-06-28 04:58:11,12697.41,Debit Card,DEV_9838,Ahmedabad,3,21,0,historical,1
TX10516,C1008,2026-06-28 05:46:11,2670.27,Debit Card,DEV_9033,Noida,1,402,0,historical,0
TX10056,C1043,2026-06-28 06:51:11,2892.78,Credit Card,DEV_5498,Hyderabad,0,374,0,historical,0
TX10104,C1045,2026-06-28 08:00:11,1639.28,Debit Card,DEV_2645,Delhi,0,560,0,historical,0
TX10757,C1017,2026-06-28 09:23:11,625.06,Credit Card,DEV_1278,Ahmedabad,0,64,0,historical,0
TX10469,C1009,2026-06-28 09:32:11,3049.14,Debit Card,DEV_8224,Jaipur,0,378,0,historical,0
TX10534,C1035,2026-06-28 14:37:11,7024.71,Netbanking,DEV_2056,Pune,0,31,0,historical,0
TX10955,C1017,2026-06-28 16:52:11,799.69,Netbanking,DEV_1278,Ahmedabad,0,64,0,historical,0
TX10819,C1005,2026-06-28 18:40:11,2837.95,Debit Card,DEV_4300,Jaipur,2,481,0,historical,1
TX10404,C1002,2026-06-28 19:27:11,3838.51,UPI,DEV_3279,Gurugram,0,446,0,historical,0
TX10331,C1027,2026-06-28 19:59:11,5334.62,Netbanking,DEV_5310,Hyderabad,0,354,0,historical,0
TX10767,C1034,2026-06-28 20:00:11,24132.83,Netbanking,DEV_9033,Mumbai,5,577,0,historical,1
TX10318,C1035,2026-06-28 20:09:11,74096.5,Credit Card,DEV_2056,Pune,4,31,0,historical,1
TX10941,C1046,2026-06-28 21:03:11,1272.72,UPI,DEV_8616,Noida,1,94,0,historical,0
TX10229,C1014,2026-06-28 23:54:11,2854.76,UPI,DEV_7098,Pune,0,335,2,historical,0
TX10719,C1041,2026-06-29 00:01:11,1097.03,Wallet,DEV_7952,Mumbai,0,341,0,historical,0
TX10120,C1046,2026-06-29 02:58:11,3021.6,Wallet,DEV_8616,Noida,2,94,0,historical,1
TX10793,C1023,2026-06-29 03:54:11,5797.54,Netbanking,DEV_6617,Hyderabad,0,441,0,historical,0
TX10999,C1003,2026-06-29 05:52:11,2548.47,UPI,DEV_8883,Delhi,0,741,0,historical,0
TX10759,C1042,2026-06-29 08:44:11,2876.4,Debit Card,DEV_2564,Bengaluru,0,750,0,historical,0
TX10221,C1003,2026-06-29 09:07:11,2163.69,UPI,DEV_8883,Delhi,0,741,0,historical,0
TX10214,C1047,2026-06-29 12:39:11,9286.91,Wallet,DEV_4137,Gurugram,1,504,0,historical,0
TX10339,C1035,2026-06-29 12:49:11,31919.68,Credit Card,DEV_1723,New York,4,31,0,historical,1
TX10968,C1017,2026-06-29 16:03:11,842.15,Netbanking,DEV_1278,Ahmedabad,0,64,0,historical,0
TX10843,C1037,2026-06-29 18:49:11,1428.71,Netbanking,DEV_2154,Chennai,0,613,0,historical,0
TX10289,C1016,2026-06-29 19:02:11,2531.16,Wallet,DEV_3788,Ahmedabad,0,271,0,historical,0
TX10291,C1039,2026-06-29 21:51:11,7777.99,Credit Card,DEV_4063,Ahmedabad,0,669,0,historical,0
TX10345,C1001,2026-06-29 22:15:11,1250.97,Debit Card,DEV_1626,Pune,0,281,0,historical,0
TX10134,C1001,2026-06-30 00:46:11,1672.37,Wallet,DEV_1626,Pune,0,281,0,historical,0
TX10297,C1040,2026-06-30 01:05:11,7935.49,Credit Card,DEV_1444,Hyderabad,0,243,0,historical,0
TX10402,C1039,2026-06-30 02:37:11,12297.84,Credit Card,DEV_1419,Ahmedabad,0,669,0,historical,0
TX10179,C1036,2026-06-30 04:49:11,2965.74,Debit Card,DEV_2390,Mumbai,0,647,0,historical,0
TX10426,C1037,2026-06-30 05:33:11,3368.11,Wallet,DEV_1723,Chennai,0,613,0,historical,0
TX10002,C1013,2026-06-30 05:45:11,4135.33,Debit Card,DEV_9123,Hyderabad,0,538,0,historical,0
TX10352,C1033,2026-06-30 06:15:11,7996.45,Netbanking,DEV_1842,Bengaluru,0,869,0,historical,0
TX10154,C1015,2026-06-30 07:36:11,2188.54,Credit Card,DEV_1842,Delhi,0,154,0,historical,0
TX10062,C1025,2026-06-30 09:07:11,2900.6,Netbanking,DEV_9033,Noida,0,679,0,historical,0
TX10178,C1019,2026-06-30 14:13:11,1638.0,Wallet,DEV_7103,Jaipur,0,744,0,historical,0
TX10190,C1041,2026-06-30 16:09:11,1025.96,Wallet,DEV_7952,Mumbai,0,341,0,historical,0
TX10027,C1014,2026-06-30 16:28:11,3457.91,Credit Card,DEV_7098,Pune,1,335,2,historical,0
TX10097,C1011,2026-06-30 16:51:11,3263.35,Wallet,DEV_9066,Kolkata,0,244,0,historical,0
TX10316,C1039,2026-06-30 18:16:11,9455.19,Credit Card,DEV_1419,Ahmedabad,0,669,0,historical,0
TX10813,C1009,2026-07-01 00:02:11,2159.07,UPI,DEV_8224,Jaipur,0,378,0,historical,0
TX10416,C1026,2026-07-01 01:30:11,611.27,UPI,DEV_8880,Mumbai,0,835,0,historical,0
TX10355,C1029,2026-07-01 04:31:11,1152.71,UPI,DEV_1626,Chennai,0,639,0,historical,0
TX10898,C1027,2026-07-01 06:46:11,3507.1,UPI,DEV_5310,Hyderabad,0,354,0,historical,0
TX10644,C1040,2026-07-01 10:22:11,20104.6,Debit Card,DEV_1444,Hyderabad,1,243,0,historical,0
TX10920,C1020,2026-07-01 11:56:11,788.57,Wallet,DEV_5498,Mumbai,0,172,0,historical,0
TX10285,C1047,2026-07-01 12:27:11,3109.52,Wallet,DEV_4137,Gurugram,0,504,0,historical,0
TX10639,C1006,2026-07-01 12:59:11,2574.87,Debit Card,DEV_2390,Bengaluru,0,435,0,historical,0
TX10818,C1015,2026-07-01 14:46:11,3476.84,Netbanking,DEV_1842,Delhi,0,154,0,historical,0
TX10631,C1009,2026-07-01 18:01:11,3848.54,Wallet,DEV_8224,Jaipur,0,378,0,historical,0
TX10274,C1026,2026-07-01 19:47:11,419.92,Credit Card,DEV_8880,Mumbai,0,835,0,historical,0
TX10348,C1032,2026-07-01 20:44:11,6686.84,Debit Card,DEV_8224,Mumbai,1,664,0,historical,0
TX10915,C1020,2026-07-02 00:32:11,1290.58,Credit Card,DEV_5498,Chennai,0,172,0,historical,0
TX10729,C1047,2026-07-02 05:39:11,3839.01,Credit Card,DEV_4137,Gurugram,0,504,0,historical,0
TX10213,C1041,2026-07-02 08:30:11,964.05,Netbanking,DEV_7952,Mumbai,1,341,0,historical,0
TX10594,C1028,2026-07-02 15:02:11,1637.91,Wallet,DEV_9578,Bengaluru,0,16,0,historical,0
TX10494,C1039,2026-07-02 15:06:11,12721.3,Debit Card,DEV_1419,Ahmedabad,0,669,0,historical,0
TX10799,C1027,2026-07-02 23:11:11,3718.6,Debit Card,DEV_5310,Hyderabad,0,354,0,historical,0
TX10337,C1012,2026-07-02 23:12:11,8326.76,UPI,DEV_5639,Jaipur,1,502,0,historical,0
TX10138,C1046,2026-07-02 23:21:11,547.75,Debit Card,DEV_8616,Noida,0,94,0,historical,0
TX10408,C1039,2026-07-03 05:05:11,10901.43,Netbanking,DEV_1419,Ahmedabad,0,669,0,historical,0
TX10978,C1010,2026-07-03 07:17:11,4037.02,Wallet,DEV_1057,Hyderabad,1,342,0,historical,0
TX10425,C1001,2026-07-03 08:29:11,2595.81,Debit Card,DEV_1626,Pune,0,281,0,historical,0
TX10417,C1020,2026-07-03 09:49:11,5356.77,Wallet,DEV_5498,Chennai,4,172,0,historical,1
TX10387,C1026,2026-07-03 11:54:11,709.87,Credit Card,DEV_8880,Mumbai,0,835,0,historical,0
TX10424,C1023,2026-07-03 12:23:11,2344.01,UPI,DEV_6617,Hyderabad,0,441,0,historical,0
TX10395,C1020,2026-07-03 20:13:11,1166.55,Credit Card,DEV_5498,Chennai,0,172,0,historical,0
TX10159,C1021,2026-07-03 20:49:11,2862.99,Debit Card,DEV_3682,Bengaluru,0,368,0,historical,0
TX10248,C1038,2026-07-03 22:43:11,993.04,Wallet,DEV_7012,Ahmedabad,1,396,0,historical,0
TX10896,C1034,2026-07-04 00:45:11,4863.71,UPI,DEV_9033,Mumbai,0,577,0,historical,0
TX10581,C1047,2026-07-04 01:01:11,3374.66,Credit Card,DEV_4137,Gurugram,0,504,0,historical,0
TX10640,C1004,2026-07-04 02:48:11,4547.75,Wallet,DEV_3824,Chennai,1,135,0,historical,0
TX10142,C1039,2026-07-04 04:54:11,8722.65,Credit Card,DEV_1419,Ahmedabad,0,669,0,historical,0
TX10000,C1001,2026-07-04 05:13:11,9822.67,Netbanking,DEV_FRAUD_BURST_99,London,2,281,0,historical,1
TX10647,C1000,2026-07-04 06:04:11,11966.08,UPI,DEV_3679,New York,1,874,0,historical,1
TX10625,C1001,2026-07-04 06:45:11,5046.27,Debit Card,DEV_9112,Pune,2,281,0,historical,1
TX10555,C1012,2026-07-04 07:21:11,3089.0,Debit Card,DEV_5639,Jaipur,0,502,0,historical,0
TX10176,C1011,2026-07-04 07:40:11,28816.42,Credit Card,DEV_2033,London,2,244,0,historical,1
TX10266,C1001,2026-07-04 07:51:11,2444.92,Netbanking,DEV_1626,Pune,0,281,0,historical,0
TX10110,C1006,2026-07-04 09:43:11,4295.76,Wallet,DEV_2390,Bengaluru,0,435,0,historical,0
TX10622,C1033,2026-07-04 10:48:11,21723.41,Wallet,DEV_1842,Bengaluru,1,869,0,historical,0
TX10897,C1021,2026-07-04 14:18:11,16771.13,Debit Card,DEV_6117,New York,4,368,0,historical,1
TX10889,C1028,2026-07-04 16:00:11,1443.59,UPI,DEV_9578,Bengaluru,0,16,0,historical,0
TX11010,C1002,2026-07-04 16:22:11,3239.91,Debit Card,DEV_4276,Gurugram,0,446,0,historical,0
TX10250,C1016,2026-07-04 17:57:11,1632.13,Credit Card,DEV_3788,Ahmedabad,0,271,0,historical,0
TX10745,C1006,2026-07-04 19:16:11,2094.02,Wallet,DEV_2390,Bengaluru,0,435,0,historical,0
TX10209,C1020,2026-07-04 20:03:11,3057.91,Netbanking,DEV_FRAUD_BURST_99,New York,2,172,0,historical,1
TX10461,C1019,2026-07-04 21:57:11,1139.63,Credit Card,DEV_7103,Jaipur,0,744,0,historical,0
TX10262,C1010,2026-07-05 01:51:11,4284.44,Netbanking,DEV_8913,Hyderabad,0,342,0,historical,0
TX10473,C1037,2026-07-05 02:45:11,2457.04,Credit Card,DEV_2154,Chennai,0,613,0,historical,0
TX10681,C1047,2026-07-05 04:51:11,2890.82,Debit Card,DEV_4137,Gurugram,0,504,0,historical,0
TX10885,C1030,2026-07-05 11:20:11,18415.59,Debit Card,DEV_8913,Delhi,5,899,0,historical,1
TX10864,C1036,2026-07-05 11:28:11,1608.06,Credit Card,DEV_2390,Mumbai,0,647,0,historical,0
TX10934,C1025,2026-07-05 17:32:11,14203.41,UPI,DEV_7441,London,1,679,0,historical,1
TX10101,C1017,2026-07-05 19:28:11,1497.16,Debit Card,DEV_1278,Kolkata,1,64,0,historical,0
TX10749,C1007,2026-07-06 02:02:11,3964.88,Credit Card,DEV_2645,Pune,0,315,0,historical,0
TX10428,C1026,2026-07-06 03:50:11,1014.16,UPI,DEV_8880,Mumbai,0,835,0,historical,0
TX10173,C1018,2026-07-06 05:08:11,1852.94,Netbanking,DEV_5498,Mumbai,0,797,0,historical,0
TX10688,C1006,2026-07-06 06:39:11,8006.18,Netbanking,DEV_8767,Bengaluru,2,435,0,historical,1
TX10181,C1036,2026-07-06 06:47:11,3089.24,Credit Card,DEV_2390,Mumbai,0,647,0,historical,0
TX10723,C1026,2026-07-06 07:55:11,635.41,Netbanking,DEV_8880,Mumbai,0,835,0,historical,0
TX10326,C1014,2026-07-06 08:37:11,2354.17,Credit Card,DEV_7098,Pune,0,335,2,historical,0
TX10517,C1009,2026-07-06 09:21:11,5870.4,Debit Card,DEV_1278,Jaipur,0,378,0,historical,0
TX10092,C1036,2026-07-06 11:43:11,1826.61,Netbanking,DEV_2390,Mumbai,0,647,0,historical,0
TX10191,C1043,2026-07-06 12:42:11,1072.82,Credit Card,DEV_5498,Hyderabad,0,374,0,historical,0
TX10403,C1039,2026-07-06 14:17:11,16686.88,Wallet,DEV_1419,Mumbai,1,669,0,historical,0
TX10638,C1037,2026-07-06 14:31:11,1282.15,Debit Card,DEV_2154,Chennai,0,613,0,historical,0
TX10525,C1034,2026-07-06 16:08:11,2545.2,Netbanking,DEV_9033,Mumbai,0,577,0,historical,0
TX10111,C1000,2026-07-06 17:37:11,1960.48,Netbanking,DEV_6617,Ahmedabad,0,874,0,historical,0
TX10566,C1019,2026-07-06 20:28:11,1671.06,Netbanking,DEV_7103,Jaipur,0,744,0,historical,0
TX10464,C1010,2026-07-06 22:03:11,2495.08,Netbanking,DEV_8913,Hyderabad,0,342,0,historical,0
TX10377,C1022,2026-07-06 23:07:11,261.67,Debit Card,DEV_3551,Chennai,0,346,0,historical,0
TX10166,C1041,2026-07-07 01:23:11,2885.22,Wallet,DEV_7952,Mumbai,1,341,0,historical,0
TX10774,C1023,2026-07-07 07:21:11,9073.71,UPI,DEV_6617,Hyderabad,1,441,0,historical,0
TX10887,C1042,2026-07-07 12:17:11,5758.26,Debit Card,DEV_7952,Bengaluru,2,750,0,historical,1
TX10039,C1024,2026-07-07 12:53:11,2090.6,Debit Card,DEV_4300,Bengaluru,0,7,0,historical,0
TX10049,C1000,2026-07-07 15:43:11,2364.67,Wallet,DEV_6617,Ahmedabad,1,874,0,historical,0
TX10540,C1031,2026-07-07 15:54:11,5837.04,Debit Card,DEV_5393,Bengaluru,0,324,0,historical,0
TX10659,C1025,2026-07-07 18:07:11,2229.72,UPI,DEV_9033,Noida,0,679,0,historical,0
TX10937,C1032,2026-07-07 23:42:11,1770.65,Debit Card,DEV_8224,Mumbai,0,664,0,historical,0
TX10254,C1004,2026-07-08 00:12:11,4255.31,Credit Card,DEV_3824,Chennai,0,135,0,historical,0
TX10650,C1030,2026-07-08 00:41:11,1797.31,Netbanking,DEV_8913,Delhi,0,899,0,historical,0
TX10323,C1026,2026-07-08 04:12:11,1738.86,Debit Card,DEV_8880,Mumbai,1,835,0,historical,0
TX10275,C1035,2026-07-08 09:48:11,6438.82,Debit Card,DEV_9578,Pune,0,31,0,historical,0
TX10096,C1029,2026-07-08 11:50:11,5829.79,Wallet,DEV_8913,Chennai,2,639,0,historical,1
TX10148,C1041,2026-07-08 15:04:11,707.32,Debit Card,DEV_7952,Mumbai,0,341,0,historical,0
TX10053,C1036,2026-07-08 15:05:11,1047.5,Wallet,DEV_2390,Mumbai,0,647,0,historical,0
TX10222,C1046,2026-07-08 17:23:11,3305.49,UPI,DEV_5252,London,3,94,0,historical,1
TX10407,C1000,2026-07-09 03:02:11,3135.31,Wallet,DEV_6617,Gurugram,1,874,0,historical,0
TX10857,C1046,2026-07-09 03:13:11,2257.08,Credit Card,DEV_8095,London,4,94,0,historical,1
TX10845,C1045,2026-07-09 07:01:11,7725.68,Wallet,DEV_2645,Delhi,1,560,0,historical,0
TX10946,C1035,2026-07-09 11:24:11,6691.89,Debit Card,DEV_2056,Pune,0,31,0,historical,0
TX10758,C1005,2026-07-09 11:50:11,583.91,UPI,DEV_7256,Delhi,0,481,0,historical,0
TX10690,C1042,2026-07-09 17:26:11,2203.42,UPI,DEV_2564,Bengaluru,1,750,0,historical,0
TX10338,C1025,2026-07-09 18:25:11,5434.68,Netbanking,DEV_9033,Noida,0,679,0,historical,0
TX10304,C1014,2026-07-09 22:01:11,2457.82,Wallet,DEV_7098,Pune,0,335,2,historical,0
TX10515,C1024,2026-07-09 22:45:11,943.57,Credit Card,DEV_9838,Bengaluru,0,7,0,historical,0
TX10715,C1007,2026-07-10 03:05:11,2134.57,Credit Card,DEV_2645,Pune,0,315,0,historical,0
TX10335,C1011,2026-07-10 03:30:11,6504.48,UPI,DEV_9066,Kolkata,1,244,0,historical,0
TX10561,C1001,2026-07-10 04:33:11,1738.34,Netbanking,DEV_1626,Pune,0,281,0,historical,0
TX10641,C1034,2026-07-10 06:25:11,2471.41,Netbanking,DEV_9033,Mumbai,0,577,0,historical,0
TX10746,C1037,2026-07-10 06:58:11,1283.71,UPI,DEV_2154,Chennai,0,613,0,historical,0
TX10989,C1032,2026-07-10 08:00:11,3408.83,Netbanking,DEV_8224,Mumbai,0,664,0,historical,0
TX10199,C1040,2026-07-10 10:16:11,19650.73,Netbanking,DEV_1444,Hyderabad,1,243,0,historical,0
TX10624,C1007,2026-07-10 10:18:11,16252.41,Debit Card,DEV_FRAUD_BURST_99,New York,2,315,0,historical,1
TX10412,C1009,2026-07-10 13:51:11,6677.17,Netbanking,DEV_8224,Jaipur,0,378,0,historical,0
TX10684,C1024,2026-07-10 16:28:11,5356.09,Debit Card,DEV_5268,London,2,7,0,historical,1
TX10846,C1038,2026-07-10 20:25:11,725.21,UPI,DEV_7012,Ahmedabad,0,396,0,historical,0
TX10486,C1024,2026-07-10 21:19:11,769.14,Wallet,DEV_8843,Bengaluru,0,7,0,historical,0
TX10064,C1001,2026-07-10 21:23:11,1615.59,Credit Card,DEV_1626,Pune,0,281,0,historical,0
TX10063,C1009,2026-07-11 18:45:11,6755.84,Netbanking,DEV_8224,Jaipur,0,378,0,historical,0
TX10038,C1002,2026-07-11 19:45:11,3472.36,Netbanking,DEV_4276,Gurugram,0,446,0,historical,0
TX10125,C1007,2026-07-11 21:55:11,6371.67,Wallet,DEV_2645,Pune,0,315,0,historical,0
TX10140,C1044,2026-07-12 00:40:11,2325.04,UPI,DEV_7952,Ahmedabad,0,21,0,historical,0
TX10649,C1018,2026-07-12 02:05:11,1843.72,UPI,DEV_5498,Mumbai,0,797,0,historical,0
TX10507,C1015,2026-07-12 07:18:11,2721.82,Netbanking,DEV_1842,Delhi,0,154,0,historical,0
TX10500,C1012,2026-07-12 08:37:11,5249.63,Debit Card,DEV_5639,Jaipur,0,502,0,historical,0
TX10823,C1023,2026-07-12 09:16:11,4208.87,Debit Card,DEV_6617,Kolkata,0,441,0,historical,0
TX10833,C1025,2026-07-12 09:19:11,4008.27,Netbanking,DEV_9033,Noida,0,679,0,historical,0
TX10465,C1044,2026-07-12 10:09:11,1903.2,Credit Card,DEV_9838,Ahmedabad,0,21,0,historical,0
TX11017,C1014,2026-07-12 10:26:11,2802.9,Debit Card,DEV_7098,Pune,0,335,2,historical,0
TX10697,C1043,2026-07-12 11:07:11,2885.75,Credit Card,DEV_5498,Hyderabad,0,374,0,historical,0
TX10380,C1026,2026-07-12 12:53:11,1626.93,Credit Card,DEV_1723,Mumbai,1,835,0,historical,1
TX10334,C1018,2026-07-12 13:00:11,6900.96,Wallet,DEV_5498,Mumbai,1,797,0,historical,0
TX10293,C1038,2026-07-12 14:18:11,669.13,Netbanking,DEV_7012,Ahmedabad,0,396,0,historical,0
TX10333,C1018,2026-07-12 18:11:11,5055.09,Credit Card,DEV_5498,Noida,1,797,0,historical,0
TX10548,C1008,2026-07-12 20:47:11,3883.84,Netbanking,DEV_9033,Noida,0,402,0,historical,0
TX10322,C1019,2026-07-12 23:21:11,4706.77,Wallet,DEV_1033,Jaipur,3,744,0,historical,1
TX10216,C1028,2026-07-12 23:39:11,2271.91,Netbanking,DEV_9578,Bengaluru,0,16,0,historical,0
TX10414,C1039,2026-07-13 00:39:11,6110.29,Wallet,DEV_1419,Ahmedabad,0,669,0,historical,0
TX10238,C1001,2026-07-13 00:44:11,1511.24,Debit Card,DEV_1626,Pune,0,281,0,historical,0
TX10522,C1025,2026-07-13 02:02:11,15653.16,Credit Card,DEV_9033,Noida,5,679,0,historical,1
TX10459,C1032,2026-07-13 04:03:11,3116.55,Debit Card,DEV_8224,Mumbai,0,664,0,historical,0
TX10095,C1013,2026-07-13 04:29:11,2484.2,UPI,DEV_9838,Hyderabad,0,538,0,historical,0
TX10093,C1003,2026-07-13 06:49:11,1294.92,UPI,DEV_8883,Delhi,0,741,0,historical,0
TX10950,C1025,2026-07-13 07:11:11,5037.88,Debit Card,DEV_9033,Noida,0,679,0,historical,0
TX10907,C1006,2026-07-13 08:52:11,2832.75,Netbanking,DEV_2390,Bengaluru,0,435,0,historical,0
TX10379,C1044,2026-07-13 12:39:11,1830.84,Wallet,DEV_9838,Ahmedabad,0,21,0,historical,0
TX10510,C1015,2026-07-13 13:51:11,1875.6,UPI,DEV_1842,Delhi,0,154,0,historical,0
TX10502,C1041,2026-07-13 14:10:11,809.13,Wallet,DEV_7952,Mumbai,0,341,0,historical,0
TX10902,C1015,2026-07-13 15:45:11,6624.3,Netbanking,DEV_1842,Hyderabad,1,154,0,historical,0
TX10080,C1037,2026-07-13 16:27:11,2920.06,Netbanking,DEV_2154,Chennai,0,613,0,historical,0
TX10251,C1002,2026-07-13 20:01:11,3087.11,Wallet,DEV_4276,Gurugram,0,446,0,historical,0
TX10597,C1004,2026-07-14 05:22:11,6729.25,UPI,DEV_3824,Chennai,0,135,0,historical,0
TX10113,C1021,2026-07-14 06:07:11,4509.89,Credit Card,DEV_3682,Bengaluru,0,368,0,historical,0
TX10363,C1031,2026-07-14 10:07:11,11778.65,Wallet,DEV_5393,Bengaluru,1,324,0,historical,0
TX10777,C1005,2026-07-14 12:15:11,1524.09,UPI,DEV_7256,Jaipur,0,481,0,historical,0
TX10783,C1045,2026-07-14 14:34:11,17847.42,Netbanking,DEV_2645,Delhi,5,560,0,historical,1
TX10926,C1032,2026-07-14 23:09:11,4091.71,Debit Card,DEV_8224,Mumbai,0,664,0,historical,0
TX10442,C1031,2026-07-14 23:17:11,6858.11,Credit Card,DEV_5393,Bengaluru,0,324,0,historical,0
TX11042,C1026,2026-07-14 23:56:11,851.85,Debit Card,DEV_9066,Mumbai,0,835,0,historical,0
TX10979,C1000,2026-07-15 00:02:11,2441.99,Wallet,DEV_6617,Ahmedabad,0,874,0,historical,0
TX10519,C1017,2026-07-15 02:44:11,994.91,Netbanking,DEV_1278,Ahmedabad,0,64,0,historical,0
TX10791,C1046,2026-07-15 06:13:11,322.48,Debit Card,DEV_8616,Noida,0,94,0,historical,0
TX10009,C1001,2026-07-15 07:17:11,1999.01,Netbanking,DEV_1626,Pune,0,281,0,historical,0
TX10440,C1036,2026-07-15 07:38:11,9330.16,Credit Card,DEV_2390,Mumbai,4,647,0,historical,1
TX10565,C1046,2026-07-15 11:36:11,585.81,Debit Card,DEV_8616,Noida,0,94,0,historical,0
TX10914,C1019,2026-07-15 12:22:11,1190.95,Netbanking,DEV_7103,Jaipur,0,744,0,historical,0
TX10437,C1023,2026-07-15 12:24:11,4652.98,Netbanking,DEV_2768,Hyderabad,0,441,0,historical,0
TX10108,C1032,2026-07-15 14:25:11,2200.57,Credit Card,DEV_8224,Mumbai,0,664,0,historical,0
TX10491,C1046,2026-07-15 15:08:11,550.99,Credit Card,DEV_8616,Noida,0,94,0,historical,0
TX10514,C1044,2026-07-15 16:38:11,2320.49,Wallet,DEV_9838,Ahmedabad,0,21,0,historical,0
TX10086,C1010,2026-07-15 18:16:11,3220.87,Debit Card,DEV_8913,Hyderabad,0,342,0,historical,0
TX10279,C1036,2026-07-15 19:35:11,1240.35,Wallet,DEV_2390,Mumbai,0,647,0,historical,0
TX10535,C1005,2026-07-15 19:46:11,3271.84,Netbanking,DEV_7256,Jaipur,1,481,0,historical,0
TX10162,C1017,2026-07-15 19:58:11,353.67,Debit Card,DEV_1278,Ahmedabad,0,64,0,historical,0
TX10775,C1032,2026-07-15 21:04:11,3378.03,UPI,DEV_8224,Mumbai,0,664,0,historical,0
TX10141,C1012,2026-07-15 22:42:11,3963.11,Wallet,DEV_5639,Jaipur,0,502,0,historical,0
TX10645,C1021,2026-07-15 23:00:11,9593.72,UPI,DEV_3682,Ahmedabad,1,368,0,historical,0
TX10995,C1019,2026-07-15 23:12:11,1711.91,Wallet,DEV_7103,Jaipur,0,744,0,historical,0
TX10904,C1012,2026-07-16 01:28:11,3203.09,Netbanking,DEV_5639,Pune,0,502,0,historical,0
TX10489,C1019,2026-07-16 01:43:11,3672.69,Debit Card,DEV_7103,Jaipur,1,744,0,historical,0
TX10157,C1027,2026-07-16 07:44:11,9947.8,Netbanking,DEV_5310,Hyderabad,0,354,0,historical,0
TX10771,C1037,2026-07-16 08:37:11,2212.88,Wallet,DEV_2154,Chennai,0,613,0,historical,0
TX10683,C1037,2026-07-16 08:37:11,4670.83,Debit Card,DEV_2154,Chennai,1,613,0,historical,0
TX10658,C1047,2026-07-16 10:15:11,7852.98,Wallet,DEV_9838,Gurugram,0,504,0,historical,0
TX10742,C1032,2026-07-16 10:22:11,1533.08,Debit Card,DEV_8224,Mumbai,0,664,0,historical,0
TX10012,C1035,2026-07-16 10:50:11,11405.39,Wallet,DEV_2056,Pune,0,31,0,historical,0
TX10852,C1009,2026-07-16 13:11:11,7285.49,Credit Card,DEV_7643,Jaipur,0,378,0,historical,0
TX10817,C1015,2026-07-16 14:26:11,2366.12,Netbanking,DEV_1842,Delhi,0,154,0,historical,0
TX10782,C1029,2026-07-16 14:49:11,1793.58,Debit Card,DEV_5252,Chennai,0,639,0,historical,0
TX10273,C1033,2026-07-16 17:50:11,9827.8,UPI,DEV_1842,Bengaluru,0,869,0,historical,0
TX10088,C1003,2026-07-17 01:45:11,2356.5,Credit Card,DEV_8883,Delhi,0,741,0,historical,0
TX10365,C1037,2026-07-17 04:29:11,2404.08,Debit Card,DEV_2154,Chennai,0,613,0,historical,0
TX10568,C1016,2026-07-17 05:06:11,1146.52,Wallet,DEV_3788,Ahmedabad,0,271,0,historical,0
TX10375,C1039,2026-07-17 05:14:11,10155.89,Wallet,DEV_6825,Ahmedabad,0,669,0,historical,0
TX11054,C1002,2026-07-17 05:21:11,1356.75,Wallet,DEV_4276,Gurugram,0,446,0,historical,0
TX10849,C1001,2026-07-17 05:47:11,1333.74,Wallet,DEV_1626,Pune,0,281,0,historical,0
TX10247,C1010,2026-07-17 07:10:11,2532.46,Debit Card,DEV_8913,Hyderabad,0,342,0,historical,0
TX11019,C1040,2026-07-17 10:12:11,6140.62,Debit Card,DEV_1444,Mumbai,0,243,0,historical,0
TX10330,C1043,2026-07-17 10:21:11,1458.35,Wallet,DEV_5498,Hyderabad,0,374,0,historical,0
TX10212,C1015,2026-07-17 15:08:11,14039.73,UPI,DEV_3682,New York,1,154,0,historical,1
TX10328,C1017,2026-07-17 15:16:11,719.22,Netbanking,DEV_1278,Ahmedabad,0,64,0,historical,0
TX10099,C1003,2026-07-17 18:01:11,1736.11,Debit Card,DEV_8883,Delhi,1,741,0,historical,0
TX10969,C1029,2026-07-18 03:10:11,4362.01,Debit Card,DEV_8010,Chennai,1,639,0,historical,0
TX10766,C1007,2026-07-18 03:26:11,6587.61,UPI,DEV_7098,Pune,0,315,0,historical,0
TX10558,C1032,2026-07-18 05:27:11,7431.25,UPI,DEV_8224,Mumbai,1,664,0,historical,0
TX10785,C1047,2026-07-18 08:28:11,19270.48,Debit Card,DEV_9112,New York,3,504,0,historical,1
TX11033,C1046,2026-07-18 11:03:11,377.76,UPI,DEV_8616,Noida,0,94,0,historical,0
TX11025,C1047,2026-07-18 17:36:11,4099.29,UPI,DEV_3605,Gurugram,1,504,0,historical,0
TX10448,C1043,2026-07-18 21:45:11,1290.51,UPI,DEV_3605,Hyderabad,0,374,0,historical,0
TX10103,C1035,2026-07-19 00:43:11,10778.78,UPI,DEV_2056,Pune,0,31,0,historical,0
TX10237,C1028,2026-07-19 07:16:11,2221.57,UPI,DEV_9578,Bengaluru,0,16,0,historical,0
TX10801,C1018,2026-07-19 12:21:11,7207.09,UPI,DEV_5498,Mumbai,1,797,0,historical,0
TX10850,C1043,2026-07-19 17:03:11,1084.29,Credit Card,DEV_5498,Kolkata,0,374,0,historical,0
TX10078,C1020,2026-07-19 17:08:11,1278.77,Wallet,DEV_5498,Chennai,0,172,0,historical,0
TX10242,C1011,2026-07-19 19:28:11,3599.58,Credit Card,DEV_9066,Pune,0,244,0,historical,0
TX10949,C1011,2026-07-19 20:17:11,3044.12,Debit Card,DEV_9066,Kolkata,0,244,0,historical,0
TX11032,C1029,2026-07-19 23:50:11,977.69,Credit Card,DEV_8010,Chennai,0,639,0,historical,0
TX10300,C1014,2026-07-20 02:19:11,1466.37,Netbanking,DEV_7098,Pune,0,335,2,historical,0
TX10909,C1036,2026-07-20 04:24:11,1403.55,Netbanking,DEV_2390,Mumbai,0,647,0,historical,0
TX10630,C1007,2026-07-20 07:40:11,2559.74,Credit Card,DEV_2645,Pune,0,315,0,historical,0
TX10577,C1004,2026-07-20 10:29:11,13367.91,Wallet,DEV_3824,Chennai,1,135,0,historical,0
TX10619,C1034,2026-07-20 12:05:11,18575.95,Credit Card,DEV_FRAUD_BURST_99,London,2,577,0,historical,1
TX10895,C1030,2026-07-20 13:03:11,3335.72,UPI,DEV_8913,Delhi,0,899,0,historical,0
TX10524,C1005,2026-07-20 13:37:11,4914.57,UPI,DEV_9066,Jaipur,1,481,0,historical,1
TX10905,C1043,2026-07-20 13:51:11,1752.66,Credit Card,DEV_5498,Hyderabad,0,374,0,historical,0
TX10835,C1044,2026-07-20 14:59:11,3271.27,Wallet,DEV_9838,Jaipur,1,21,0,historical,0
TX10327,C1038,2026-07-20 15:34:11,1117.46,Netbanking,DEV_7012,Delhi,1,396,0,historical,0
TX11039,C1042,2026-07-20 16:15:11,1792.75,UPI,DEV_2564,Bengaluru,0,750,0,historical,0
TX10036,C1017,2026-07-20 19:57:11,326.88,Netbanking,DEV_1278,Ahmedabad,0,64,0,historical,0
TX10764,C1013,2026-07-20 20:33:11,24785.44,Debit Card,DEV_9123,Hyderabad,3,538,0,historical,1
TX11051,C1007,2026-07-20 21:14:11,1892.32,UPI,DEV_2645,Pune,0,315,0,historical,0
TX10789,C1027,2026-07-20 23:17:11,8102.77,Netbanking,DEV_5310,Hyderabad,0,354,0,historical,0
TX10072,C1008,2026-07-21 00:22:11,6554.37,Wallet,DEV_9033,Noida,1,402,0,historical,0
TX10226,C1002,2026-07-21 06:30:11,1592.79,Credit Card,DEV_4276,Gurugram,0,446,0,historical,0
TX10977,C1013,2026-07-21 07:59:11,3056.99,UPI,DEV_9123,Hyderabad,0,538,0,historical,0
TX10573,C1009,2026-07-21 11:00:11,4368.93,Credit Card,DEV_8224,Jaipur,0,378,0,historical,0
TX10158,C1017,2026-07-21 11:08:11,540.69,Debit Card,DEV_1278,Ahmedabad,0,64,0,historical,0
TX10910,C1029,2026-07-21 11:31:11,2276.24,Debit Card,DEV_8010,Chennai,1,639,0,historical,0
TX10368,C1006,2026-07-21 12:29:11,3043.12,Debit Card,DEV_2390,Bengaluru,0,435,0,historical,0
TX10626,C1025,2026-07-21 13:04:11,4779.26,UPI,DEV_9033,Bengaluru,0,679,0,historical,0
TX11037,C1022,2026-07-21 13:09:11,1237.02,Netbanking,DEV_3551,Chennai,1,346,0,historical,0
TX10769,C1006,2026-07-21 13:24:11,2386.09,Debit Card,DEV_2390,Bengaluru,0,435,0,historical,0
TX10358,C1019,2026-07-21 13:57:11,1759.51,Credit Card,DEV_7103,Gurugram,0,744,0,historical,0
TX10359,C1039,2026-07-21 14:22:11,9724.49,UPI,DEV_1419,Ahmedabad,0,669,0,historical,0
TX10695,C1012,2026-07-21 18:00:11,4463.76,Netbanking,DEV_5639,Mumbai,0,502,0,historical,0
TX10842,C1029,2026-07-21 18:43:11,736.4,UPI,DEV_8010,Chennai,0,639,0,historical,0
TX10361,C1000,2026-07-21 19:38:11,8708.42,Netbanking,DEV_FRAUD_BURST_99,London,2,874,0,historical,1
TX10075,C1031,2026-07-21 20:57:11,8985.09,UPI,DEV_3854,Bengaluru,0,324,0,historical,0
TX11055,C1043,2026-07-21 22:49:11,1045.67,UPI,DEV_5498,Hyderabad,0,374,0,historical,0
TX10117,C1046,2026-07-22 00:09:11,371.18,Credit Card,DEV_8616,Noida,0,94,0,historical,0
TX10701,C1000,2026-07-22 02:53:11,2121.67,UPI,DEV_6617,Ahmedabad,0,874,0,historical,0
TX10015,C1020,2026-07-22 04:08:11,564.18,Netbanking,DEV_5498,Chennai,0,172,0,historical,0
TX10435,C1007,2026-07-22 11:16:11,7108.98,Netbanking,DEV_2645,Delhi,1,315,0,historical,0
TX10129,C1020,2026-07-22 11:35:11,1898.9,Credit Card,DEV_5498,Chennai,1,172,0,historical,0
TX11005,C1008,2026-07-22 13:00:11,5015.32,Netbanking,DEV_9033,Noida,0,402,0,historical,0
TX10987,C1024,2026-07-22 17:26:11,620.04,Netbanking,DEV_8843,Bengaluru,0,7,0,historical,0
TX10413,C1045,2026-07-22 19:15:11,7243.59,Netbanking,DEV_8773,Delhi,1,560,0,historical,1
TX10961,C1014,2026-07-22 20:32:11,2382.13,Debit Card,DEV_7098,Pune,0,335,2,historical,0
TX10784,C1027,2026-07-22 20:37:11,5119.23,Netbanking,DEV_5310,Hyderabad,0,354,0,historical,0
TX10143,C1041,2026-07-23 02:15:11,754.19,Debit Card,DEV_7952,Mumbai,0,341,0,historical,0
TX10123,C1041,2026-07-23 03:37:11,2457.6,Debit Card,DEV_7952,Mumbai,1,341,0,historical,0
TX10259,C1005,2026-07-23 04:52:11,1728.27,UPI,DEV_7256,Jaipur,0,481,0,historical,0
TX10037,C1006,2026-07-23 06:48:11,4472.14,Netbanking,DEV_2390,Bengaluru,0,435,0,historical,0
TX10574,C1011,2026-07-23 07:32:11,6823.36,Debit Card,DEV_5639,Kolkata,0,244,0,historical,0
TX10712,C1042,2026-07-23 08:23:11,1324.46,UPI,DEV_2564,Bengaluru,0,750,0,historical,0
TX10567,C1003,2026-07-23 11:27:11,2306.61,Wallet,DEV_8883,Delhi,0,741,0,historical,0
TX10480,C1014,2026-07-23 11:48:11,2153.65,Debit Card,DEV_7098,Pune,0,335,2,historical,0
TX11006,C1030,2026-07-23 18:18:11,2524.67,UPI,DEV_8913,Delhi,0,899,0,historical,0
TX10657,C1037,2026-07-23 19:02:11,1311.92,UPI,DEV_2154,Chennai,0,613,0,historical,0
TX10351,C1023,2026-07-23 19:08:11,4850.92,Wallet,DEV_6617,Hyderabad,0,441,0,historical,0
TX10940,C1003,2026-07-23 19:17:11,1981.49,Debit Card,DEV_8883,Delhi,0,741,0,historical,0
TX10082,C1009,2026-07-23 21:37:11,6525.79,Netbanking,DEV_8224,Jaipur,0,378,0,historical,0
TX10165,C1022,2026-07-24 00:08:11,745.78,Wallet,DEV_3551,Chennai,0,346,0,historical,0
TX10126,C1001,2026-07-24 03:34:11,2117.28,Wallet,DEV_1626,Pune,0,281,0,historical,0
TX10324,C1023,2026-07-24 05:19:11,2224.96,Netbanking,DEV_6617,Hyderabad,0,441,0,historical,0
TX10711,C1028,2026-07-24 09:06:11,2605.6,Credit Card,DEV_9578,Bengaluru,0,16,0,historical,0
TX10991,C1012,2026-07-24 10:42:11,1791.07,Credit Card,DEV_5639,Jaipur,0,502,0,historical,0
TX10314,C1037,2026-07-24 12:01:11,3130.28,Credit Card,DEV_2154,Chennai,0,613,0,historical,0
TX10557,C1039,2026-07-24 13:14:11,7415.86,Netbanking,DEV_1419,Bengaluru,0,669,0,historical,0
TX10023,C1007,2026-07-24 15:22:11,4144.44,UPI,DEV_2645,Pune,0,315,0,historical,0
TX10608,C1036,2026-07-24 17:10:11,1785.36,Netbanking,DEV_2390,Mumbai,0,647,0,historical,0
TX11012,C1017,2026-07-24 17:31:11,1458.71,Netbanking,DEV_1278,Ahmedabad,1,64,0,historical,0
TX10579,C1031,2026-07-24 21:55:11,5303.86,Credit Card,DEV_5393,Bengaluru,0,324,0,historical,0
TX11034,C1028,2026-07-25 01:34:11,1721.56,Credit Card,DEV_9578,Bengaluru,0,16,0,historical,0
TX10921,C1000,2026-07-25 06:07:11,3295.52,Debit Card,DEV_6617,Ahmedabad,1,874,0,historical,0
TX10855,C1032,2026-07-25 07:40:11,7197.52,UPI,DEV_8224,Mumbai,1,664,0,historical,0
TX10899,C1017,2026-07-25 07:50:11,1186.11,UPI,DEV_1278,Ahmedabad,1,64,0,historical,0
TX10918,C1006,2026-07-25 09:34:11,5108.3,Credit Card,DEV_2390,Bengaluru,0,435,0,historical,0
TX10816,C1046,2026-07-25 15:22:11,373.05,Wallet,DEV_8616,Noida,0,94,0,historical,0
TX10877,C1043,2026-07-25 15:53:11,9592.67,UPI,DEV_5498,Hyderabad,2,374,0,historical,1
TX10672,C1028,2026-07-26 00:52:11,4640.84,Netbanking,DEV_9578,Delhi,1,16,0,historical,0
TX10526,C1020,2026-07-26 00:57:11,1134.28,Wallet,DEV_5498,Chennai,0,172,0,historical,0
TX10702,C1037,2026-07-26 03:05:11,1562.96,UPI,DEV_2154,Chennai,0,613,0,historical,0
TX10734,C1039,2026-07-26 04:03:11,11141.91,UPI,DEV_1419,Ahmedabad,0,669,0,historical,0
TX10245,C1007,2026-07-26 04:25:11,6284.66,Wallet,DEV_2645,Pune,0,315,0,historical,0
TX10163,C1028,2026-07-26 06:02:11,1918.89,Debit Card,DEV_9578,Bengaluru,0,16,0,historical,0
TX10347,C1034,2026-07-26 07:59:11,3193.95,UPI,DEV_8224,Delhi,0,577,0,historical,0
TX10184,C1023,2026-07-26 10:45:11,1964.23,UPI,DEV_6617,Hyderabad,0,441,0,historical,0
TX10203,C1027,2026-07-26 10:58:11,4699.55,Debit Card,DEV_5310,Hyderabad,0,354,0,historical,0
TX10506,C1009,2026-07-26 11:42:11,5243.25,Wallet,DEV_8224,Jaipur,0,378,0,historical,0
TX10966,C1037,2026-07-26 15:34:11,3535.2,Credit Card,DEV_2154,Chennai,0,613,0,historical,0
TX10439,C1031,2026-07-26 21:33:11,4459.06,UPI,DEV_5393,Bengaluru,0,324,0,historical,0
TX10957,C1043,2026-07-26 21:43:11,2136.48,UPI,DEV_5498,Hyderabad,0,374,0,historical,0
TX10292,C1024,2026-07-27 08:23:11,2040.75,Debit Card,DEV_4680,Bengaluru,0,7,0,historical,0
TX11044,C1001,2026-07-27 11:42:11,1940.8,Credit Card,DEV_1626,Pune,0,281,0,historical,0
TX10399,C1030,2026-07-27 11:47:11,2538.55,Debit Card,DEV_8913,Delhi,0,899,0,historical,0
TX10045,C1008,2026-07-27 13:48:11,3460.77,UPI,DEV_9033,Noida,1,402,0,historical,0
TX10562,C1026,2026-07-27 16:12:11,741.94,Wallet,DEV_8880,Mumbai,0,835,0,historical,0
TX10033,C1017,2026-07-27 17:28:11,415.46,Credit Card,DEV_1278,Ahmedabad,0,64,0,historical,0
TX10287,C1047,2026-07-27 21:37:11,25490.76,Debit Card,DEV_4137,Gurugram,5,504,0,historical,1
TX10628,C1019,2026-07-28 02:04:11,1688.6,Wallet,DEV_7103,Jaipur,0,744,0,historical,0
TX10689,C1013,2026-07-28 02:40:11,6028.97,UPI,DEV_9123,Hyderabad,0,538,0,historical,0
TX10282,C1033,2026-07-28 03:32:11,39557.74,Netbanking,DEV_FRAUD_BURST_99,New York,2,869,0,historical,1
TX10886,C1032,2026-07-28 05:57:11,4545.51,Netbanking,DEV_8224,Mumbai,0,664,0,historical,0
TX11050,C1004,2026-07-28 06:37:11,36307.16,Debit Card,DEV_5310,New York,2,135,0,historical,1
TX10076,C1006,2026-07-28 07:05:11,13576.29,Credit Card,DEV_1278,London,1,435,0,historical,1
TX10451,C1029,2026-07-28 09:00:11,828.8,Credit Card,DEV_8010,Chennai,0,639,0,historical,0
TX11016,C1042,2026-07-28 11:19:11,2183.43,UPI,DEV_2564,Bengaluru,0,750,0,historical,0
TX10025,C1009,2026-07-28 11:32:11,3190.62,UPI,DEV_8224,Jaipur,0,378,0,historical,0
TX10220,C1009,2026-07-28 11:56:11,3158.15,UPI,DEV_8224,Jaipur,0,378,0,historical,0
TX10998,C1016,2026-07-28 17:33:11,2113.5,Credit Card,DEV_3788,Ahmedabad,0,271,0,historical,0
TX10623,C1004,2026-07-28 17:38:11,3462.51,Wallet,DEV_3824,Chennai,0,135,0,historical,0
TX10685,C1012,2026-07-28 20:17:11,4132.56,UPI,DEV_5639,Jaipur,0,502,0,historical,0
TX10061,C1014,2026-07-28 20:48:11,1134.32,Netbanking,DEV_7098,Pune,0,335,2,historical,0
TX10137,C1046,2026-07-28 21:20:11,286.41,Debit Card,DEV_8616,Noida,0,94,0,historical,0
TX10482,C1000,2026-07-28 23:59:11,2545.11,Credit Card,DEV_6617,Ahmedabad,0,874,0,historical,0
TX10627,C1019,2026-07-29 00:24:11,4532.2,Netbanking,DEV_9112,Jaipur,3,744,0,historical,1
TX10786,C1021,2026-07-29 01:03:11,2801.75,UPI,DEV_3682,Bengaluru,0,368,0,historical,0
TX11052,C1009,2026-07-29 04:36:11,6821.97,Credit Card,DEV_1278,Jaipur,0,378,0,historical,0
TX10811,C1038,2026-07-29 07:06:11,738.69,Wallet,DEV_7012,Kolkata,0,396,0,historical,0
TX10651,C1027,2026-07-29 08:41:11,6349.35,Debit Card,DEV_8203,Hyderabad,0,354,0,historical,0
TX10633,C1016,2026-07-29 14:09:11,1123.38,UPI,DEV_3788,Ahmedabad,0,271,0,historical,0
TX10965,C1026,2026-07-29 14:24:11,788.5,Netbanking,DEV_8880,Mumbai,0,835,0,historical,0
TX10391,C1043,2026-07-29 17:16:11,2230.61,Wallet,DEV_5639,Hyderabad,0,374,0,historical,0
TX10109,C1011,2026-07-29 23:18:11,7151.64,Debit Card,DEV_9066,Kolkata,0,244,0,historical,0
TX10856,C1025,2026-07-29 23:38:11,3415.23,Debit Card,DEV_9033,Noida,0,679,0,historical,0
TX10390,C1011,2026-07-30 01:15:11,23960.26,Wallet,DEV_3889,London,1,244,0,historical,1
TX10007,C1012,2026-07-30 01:56:11,3267.67,UPI,DEV_5639,Jaipur,0,502,0,historical,0
TX10463,C1037,2026-07-30 04:59:11,6873.11,Debit Card,DEV_4137,Chennai,2,613,0,historical,1
TX10484,C1022,2026-07-30 05:06:11,799.46,Debit Card,DEV_3551,Chennai,0,346,0,historical,0
TX10276,C1017,2026-07-30 05:15:11,405.02,Wallet,DEV_1842,Ahmedabad,0,64,0,historical,0
TX10013,C1004,2026-07-30 06:02:11,6968.43,Wallet,DEV_3824,Chennai,0,135,0,historical,0
TX10366,C1040,2026-07-30 12:48:11,9987.67,Wallet,DEV_8883,Hyderabad,1,243,0,historical,0
TX10725,C1026,2026-07-30 15:25:11,4130.27,Netbanking,DEV_3551,New York,1,835,0,historical,1
TX11028,C1035,2026-07-30 15:38:11,6154.53,Wallet,DEV_2056,Pune,0,31,0,historical,0
TX10133,C1005,2026-07-30 17:08:11,1080.46,Credit Card,DEV_7256,Jaipur,0,481,0,historical,0
TX10663,C1038,2026-07-30 19:44:11,650.46,Credit Card,DEV_7012,Ahmedabad,0,396,0,historical,0
TX10168,C1015,2026-07-30 21:00:11,18453.71,Wallet,DEV_2033,New York,3,154,0,historical,1
TX10875,C1046,2026-07-30 23:02:11,344.01,Netbanking,DEV_8616,Noida,0,94,0,historical,0
TX10858,C1031,2026-07-31 02:18:11,30893.83,Wallet,DEV_5252,Bengaluru,2,324,0,historical,1
TX10596,C1017,2026-07-31 03:10:11,775.94,Debit Card,DEV_1278,Ahmedabad,0,64,0,historical,0
TX10257,C1042,2026-07-31 04:00:11,5295.06,Debit Card,DEV_2564,Bengaluru,1,750,0,historical,0
TX10694,C1032,2026-07-31 07:45:11,8141.32,Credit Card,DEV_8224,Mumbai,1,664,0,historical,0
TX10406,C1044,2026-07-31 12:32:11,10013.75,UPI,DEV_9838,Ahmedabad,3,21,0,historical,1
TX10546,C1023,2026-07-31 13:22:11,5358.9,Netbanking,DEV_6617,Hyderabad,0,441,0,historical,0
TX10174,C1026,2026-07-31 13:38:11,1243.42,Wallet,DEV_8880,Delhi,1,835,0,historical,0
TX10985,C1021,2026-07-31 13:40:11,5413.57,Debit Card,DEV_3682,Bengaluru,0,368,0,historical,0
TX10102,C1003,2026-07-31 15:45:11,2300.2,Debit Card,DEV_8883,Delhi,0,741,0,historical,0
TX10433,C1014,2026-07-31 16:15:11,2152.49,Wallet,DEV_7098,Pune,0,335,2,historical,0
TX10471,C1001,2026-08-01 01:38:11,1048.55,Credit Card,DEV_1626,Pune,0,281,0,historical,0
TX10862,C1020,2026-08-01 02:12:11,1370.77,Debit Card,DEV_5498,Chennai,0,172,0,historical,0
TX10693,C1047,2026-08-01 02:26:11,36862.4,UPI,DEV_4137,Gurugram,4,504,0,historical,1
TX10462,C1021,2026-08-01 04:52:11,2904.64,Wallet,DEV_3682,Bengaluru,0,368,0,historical,0
TX10810,C1006,2026-08-01 05:14:11,2228.24,Credit Card,DEV_2390,Bengaluru,0,435,0,historical,0
TX10503,C1044,2026-08-01 06:05:11,1359.56,Debit Card,DEV_9838,Ahmedabad,0,21,0,historical,0
TX10691,C1002,2026-08-01 07:49:11,6866.61,Netbanking,DEV_6908,Gurugram,2,446,0,historical,1
TX10984,C1035,2026-08-01 08:35:11,10328.66,Credit Card,DEV_2056,Pune,0,31,0,historical,0
TX10529,C1042,2026-08-01 09:10:11,1737.07,Debit Card,DEV_2564,Bengaluru,0,750,0,historical,0
TX10873,C1012,2026-08-01 15:31:11,3694.86,Netbanking,DEV_5639,Jaipur,0,502,0,historical,0
TX10346,C1031,2026-08-01 19:25:11,7885.95,Credit Card,DEV_5393,Bengaluru,0,324,0,historical,0
TX10032,C1015,2026-08-01 20:03:11,5657.25,Debit Card,DEV_1842,Delhi,0,154,0,historical,0
TX10952,C1042,2026-08-01 23:52:11,1751.16,Credit Card,DEV_2564,Bengaluru,0,750,0,historical,0
TX10735,C1024,2026-08-02 00:23:11,1237.57,Wallet,DEV_1057,Bengaluru,0,7,0,historical,0
TX10564,C1011,2026-08-02 01:20:11,5156.79,UPI,DEV_9066,Bengaluru,0,244,0,historical,0
TX10821,C1027,2026-08-02 01:49:11,15589.95,Wallet,DEV_5310,Bengaluru,1,354,0,historical,0
TX10052,C1040,2026-08-02 04:33:11,8221.55,Debit Card,DEV_2056,Hyderabad,0,243,0,historical,0
TX10660,C1004,2026-08-02 08:24:11,6287.29,Credit Card,DEV_3824,Chennai,0,135,0,historical,0
TX10454,C1035,2026-08-02 08:33:11,18992.65,Debit Card,DEV_2056,Pune,1,31,0,historical,0
TX10008,C1045,2026-08-02 11:13:11,3185.62,Debit Card,DEV_2645,Delhi,0,560,0,historical,0
TX10814,C1018,2026-08-02 12:33:11,3778.14,Credit Card,DEV_5498,Mumbai,0,797,0,historical,0
TX10004,C1047,2026-08-02 13:37:11,5199.93,Credit Card,DEV_4137,Gurugram,0,504,0,historical,0
TX10894,C1031,2026-08-03 07:17:11,44655.66,Wallet,DEV_FRAUD_BURST_99,New York,2,324,0,historical,1
TX10778,C1027,2026-08-03 07:23:11,8150.86,Credit Card,DEV_5310,Hyderabad,0,354,0,historical,0
TX10231,C1030,2026-08-03 08:14:11,3243.42,Credit Card,DEV_8913,Delhi,0,899,0,historical,0
TX10851,C1002,2026-08-03 13:03:11,1715.99,UPI,DEV_4276,Gurugram,0,446,0,historical,0
TX10962,C1033,2026-08-03 13:58:11,10118.22,UPI,DEV_1842,Bengaluru,1,869,0,historical,0
TX10388,C1006,2026-08-03 23:15:11,1652.58,Wallet,DEV_2390,Kolkata,0,435,0,historical,0
TX10305,C1041,2026-08-04 00:19:11,1211.17,Netbanking,DEV_7952,Noida,0,341,0,historical,0
TX10430,C1044,2026-08-04 01:09:11,2384.7,UPI,DEV_7256,Ahmedabad,0,21,0,historical,0
TX10600,C1039,2026-08-04 05:02:11,11849.83,Wallet,DEV_1419,Ahmedabad,0,669,0,historical,0
TX10753,C1002,2026-08-04 07:31:11,1537.27,UPI,DEV_4276,Gurugram,0,446,0,historical,0
TX11007,C1023,2026-08-04 08:17:11,4341.5,Wallet,DEV_2521,Hyderabad,0,441,0,historical,0
TX10795,C1045,2026-08-04 09:32:11,6718.44,Wallet,DEV_2645,Kolkata,1,560,0,historical,0
TX10530,C1011,2026-08-04 09:43:11,9531.03,Credit Card,DEV_9066,Hyderabad,1,244,0,historical,0
TX10703,C1040,2026-08-04 10:29:11,8324.0,Debit Card,DEV_1458,Hyderabad,0,243,0,historical,0
TX10692,C1010,2026-08-04 13:15:11,3009.57,Netbanking,DEV_9637,Hyderabad,0,342,0,historical,0
TX10264,C1026,2026-08-04 17:50:11,514.48,Credit Card,DEV_8880,Mumbai,0,835,0,historical,0
TX10051,C1039,2026-08-05 03:40:11,10008.66,Netbanking,DEV_1419,Ahmedabad,0,669,0,historical,0
TX10504,C1026,2026-08-05 03:56:11,399.01,UPI,DEV_8880,Mumbai,0,835,0,historical,0
TX10066,C1044,2026-08-05 04:03:11,1331.42,Debit Card,DEV_9838,Ahmedabad,0,21,0,historical,0
TX10470,C1012,2026-08-05 07:05:11,6608.27,Wallet,DEV_5639,Chennai,1,502,0,historical,0
TX10665,C1009,2026-08-05 09:03:11,13204.32,Credit Card,DEV_4680,Jaipur,2,378,0,historical,1
TX10971,C1018,2026-08-05 10:03:11,4047.76,Credit Card,DEV_5498,Mumbai,0,797,0,historical,0
TX10224,C1019,2026-08-05 14:03:11,8397.96,Wallet,DEV_2645,London,1,744,0,historical,1
TX10298,C1025,2026-08-05 16:56:11,2811.37,Debit Card,DEV_9033,Noida,0,679,0,historical,0
TX10822,C1032,2026-08-05 19:28:11,6652.06,Credit Card,DEV_8224,Mumbai,1,664,0,historical,0
TX10908,C1011,2026-08-05 19:52:11,7135.41,Credit Card,DEV_9066,Kolkata,1,244,0,historical,0
TX10809,C1020,2026-08-05 21:50:11,840.71,Credit Card,DEV_5498,Chennai,0,172,0,historical,0
TX10277,C1000,2026-08-06 08:16:11,1938.55,Credit Card,DEV_1995,Ahmedabad,1,874,0,historical,0
TX10505,C1010,2026-08-06 13:11:11,3189.94,Debit Card,DEV_8913,Hyderabad,0,342,0,historical,0
TX10730,C1028,2026-08-06 13:54:11,1684.79,Wallet,DEV_9578,Bengaluru,0,16,0,historical,0
TX10455,C1034,2026-08-06 14:32:11,17776.22,UPI,DEV_4276,London,1,577,0,historical,1
TX10919,C1026,2026-08-06 15:09:11,1693.2,Netbanking,DEV_8880,Mumbai,1,835,0,historical,0
TX10537,C1002,2026-08-06 15:22:11,1860.42,Credit Card,DEV_4276,Gurugram,0,446,0,historical,0
TX10752,C1038,2026-08-06 20:53:11,630.09,UPI,DEV_7012,Ahmedabad,0,396,0,historical,0
TX10726,C1047,2026-08-06 21:39:11,4951.85,Credit Card,DEV_4137,Gurugram,0,504,0,historical,0
TX10362,C1009,2026-08-07 00:19:11,27014.28,Wallet,DEV_8767,New York,4,378,0,historical,1
TX10970,C1030,2026-08-07 00:42:11,4052.73,Netbanking,DEV_8913,Delhi,0,899,0,historical,0
TX10444,C1032,2026-08-07 04:10:11,1686.27,Wallet,DEV_8224,Mumbai,0,664,0,historical,0
TX10587,C1039,2026-08-07 06:11:11,7618.54,Wallet,DEV_1419,Ahmedabad,0,669,0,historical,0
TX10973,C1036,2026-08-07 08:18:11,982.96,UPI,DEV_2390,Mumbai,0,647,0,historical,0
TX10922,C1014,2026-08-07 09:33:11,2800.94,Debit Card,DEV_7098,Pune,0,335,2,historical,0
TX10197,C1020,2026-08-07 11:35:11,869.17,Credit Card,DEV_5639,Chennai,1,172,0,historical,0
TX10831,C1039,2026-08-07 14:48:11,14594.09,Debit Card,DEV_1419,Bengaluru,1,669,0,historical,0
TX10241,C1027,2026-08-07 15:07:11,17003.16,Wallet,DEV_5310,Hyderabad,1,354,0,historical,0
TX10830,C1026,2026-08-07 15:57:11,675.75,UPI,DEV_8880,Mumbai,0,835,0,historical,0
TX10872,C1024,2026-08-07 16:44:11,795.28,Credit Card,DEV_8843,Bengaluru,0,7,0,historical,0
TX10014,C1030,2026-08-07 17:56:11,2116.94,Credit Card,DEV_8913,Delhi,0,899,0,historical,0
TX10945,C1012,2026-08-07 18:07:11,2487.53,Netbanking,DEV_5639,Jaipur,0,502,0,historical,0
TX10077,C1017,2026-08-07 19:22:11,491.39,Wallet,DEV_1278,Ahmedabad,0,64,0,historical,0
TX10308,C1026,2026-08-07 21:23:11,598.07,UPI,DEV_8880,Mumbai,0,835,0,historical,0
TX10278,C1015,2026-08-08 02:48:11,5396.9,Credit Card,DEV_6617,Delhi,0,154,0,historical,0
TX10371,C1041,2026-08-08 07:34:11,2466.01,Netbanking,DEV_2645,Mumbai,2,341,0,historical,1
TX10547,C1042,2026-08-08 08:52:11,2485.3,Debit Card,DEV_2564,Bengaluru,0,750,0,historical,0
TX10576,C1045,2026-08-08 10:08:11,5041.33,UPI,DEV_2645,Delhi,0,560,0,historical,0
TX10188,C1027,2026-08-08 11:21:11,4484.19,Wallet,DEV_9531,Hyderabad,0,354,0,historical,0
TX10975,C1043,2026-08-08 12:18:11,4939.52,Credit Card,DEV_5498,Hyderabad,1,374,0,historical,0
TX10972,C1009,2026-08-08 14:55:11,3279.95,Netbanking,DEV_8224,Jaipur,0,378,0,historical,0
TX10360,C1017,2026-08-08 20:32:11,1663.7,Credit Card,DEV_1278,Ahmedabad,1,64,0,historical,0
TX10384,C1022,2026-08-08 23:34:11,1223.12,Wallet,DEV_3551,Mumbai,1,346,0,historical,0
TX10603,C1012,2026-08-09 00:10:11,4035.76,UPI,DEV_5639,Mumbai,0,502,0,historical,0
TX10476,C1017,2026-08-09 01:13:11,337.98,Credit Card,DEV_1278,Ahmedabad,0,64,0,historical,0
TX10065,C1036,2026-08-09 05:06:11,2829.56,UPI,DEV_1033,Mumbai,0,647,0,historical,0
TX10916,C1005,2026-08-09 05:06:11,1356.08,UPI,DEV_7256,Jaipur,0,481,0,historical,0
TX10409,C1033,2026-08-09 06:34:11,6001.18,Debit Card,DEV_1842,Bengaluru,0,869,0,historical,0
TX10913,C1018,2026-08-09 06:41:11,3043.15,Netbanking,DEV_5498,Mumbai,0,797,0,historical,0
TX10532,C1007,2026-08-09 08:13:11,4985.73,Debit Card,DEV_2645,Hyderabad,0,315,0,historical,0
TX10487,C1013,2026-08-09 09:32:11,22843.89,Wallet,DEV_9123,Hyderabad,4,538,0,historical,1
TX10743,C1018,2026-08-09 10:45:11,2297.87,Wallet,DEV_5498,Mumbai,0,797,0,historical,0
TX10167,C1042,2026-08-09 13:15:11,2038.24,Netbanking,DEV_2564,Bengaluru,0,750,0,historical,0
TX11014,C1011,2026-08-09 13:22:11,5468.48,Netbanking,DEV_9066,Kolkata,0,244,0,historical,0
TX10398,C1046,2026-08-09 13:35:11,994.77,UPI,DEV_8767,Noida,0,94,0,historical,0
TX10781,C1004,2026-08-09 15:48:11,5834.62,Debit Card,DEV_3824,Chennai,0,135,0,historical,0
TX10741,C1020,2026-08-09 17:54:11,1045.71,Netbanking,DEV_9903,Chennai,0,172,0,historical,0
TX10401,C1020,2026-08-09 17:56:11,1318.1,Wallet,DEV_8767,Kolkata,0,172,0,historical,0
TX10666,C1035,2026-08-10 05:04:11,8391.18,Credit Card,DEV_2056,Pune,0,31,0,historical,0
TX10646,C1024,2026-08-10 09:49:11,1838.95,Wallet,DEV_8843,Bengaluru,0,7,0,historical,0
TX10047,C1040,2026-08-10 11:13:11,7054.35,Netbanking,DEV_1444,Hyderabad,0,243,0,historical,0
TX10249,C1024,2026-08-10 15:31:11,1515.7,Credit Card,DEV_8843,Bengaluru,0,7,0,historical,0
TX10678,C1041,2026-08-10 15:51:11,1408.07,Netbanking,DEV_7952,Mumbai,0,341,0,historical,0
TX10847,C1021,2026-08-10 17:44:11,7533.5,Debit Card,DEV_1057,Bengaluru,0,368,0,historical,0
TX10083,C1015,2026-08-10 19:54:11,13787.05,Wallet,DEV_2056,London,1,154,0,historical,1
TX10021,C1029,2026-08-10 23:16:11,1718.63,Wallet,DEV_8010,Chennai,0,639,0,historical,0
TX10394,C1016,2026-08-10 23:19:11,2985.58,Netbanking,DEV_9442,Ahmedabad,0,271,0,historical,0
TX10288,C1013,2026-08-11 05:34:11,14909.1,UPI,DEV_9123,Hyderabad,1,538,0,historical,0
TX10572,C1011,2026-08-11 08:26:11,3330.6,Debit Card,DEV_9066,Kolkata,0,244,0,historical,0
TX10543,C1016,2026-08-11 12:32:11,2422.02,Credit Card,DEV_3788,Ahmedabad,0,271,0,historical,0
TX10879,C1022,2026-08-11 15:19:11,1883.25,UPI,DEV_FRAUD_BURST_99,London,2,346,0,historical,1
TX10132,C1000,2026-08-11 16:20:11,11846.92,Netbanking,DEV_6617,Ahmedabad,5,874,0,historical,1
TX10722,C1047,2026-08-11 16:22:11,2924.74,Credit Card,DEV_4137,Gurugram,0,504,0,historical,0
TX10215,C1040,2026-08-11 18:31:11,12528.69,Wallet,DEV_2390,Hyderabad,0,243,0,historical,0
TX10787,C1033,2026-08-11 23:09:11,9177.35,Credit Card,DEV_1842,Bengaluru,0,869,0,historical,0
TX10011,C1019,2026-08-11 23:30:11,1515.78,Debit Card,DEV_7103,Jaipur,0,744,0,historical,0
TX10225,C1044,2026-08-12 05:26:11,2568.71,UPI,DEV_9838,Ahmedabad,0,21,0,historical,0
TX10219,C1042,2026-08-12 06:32:11,3011.63,Wallet,DEV_7012,Bengaluru,0,750,0,historical,0
TX10755,C1006,2026-08-12 07:26:11,4023.01,Wallet,DEV_2390,Bengaluru,0,435,0,historical,0
TX11036,C1031,2026-08-12 07:46:11,33313.92,UPI,DEV_FRAUD_BURST_99,London,2,324,0,historical,1
TX10552,C1020,2026-08-12 09:43:11,5199.65,Wallet,DEV_9033,New York,4,172,0,historical,1
TX10438,C1032,2026-08-12 11:01:11,10040.56,UPI,DEV_8224,Mumbai,1,664,0,historical,0
TX10106,C1027,2026-08-12 14:58:11,17443.1,Wallet,DEV_8095,Hyderabad,2,354,0,historical,1
TX10653,C1035,2026-08-12 15:29:11,5332.04,Credit Card,DEV_2056,Pune,0,31,0,historical,0
TX10389,C1006,2026-08-12 16:15:11,8549.55,UPI,DEV_2390,Bengaluru,1,435,0,historical,0
TX10294,C1033,2026-08-12 18:17:11,5321.33,Netbanking,DEV_1842,Bengaluru,0,869,0,historical,0
TX10436,C1027,2026-08-12 20:03:11,5445.94,Netbanking,DEV_7098,Hyderabad,0,354,0,historical,0
TX10615,C1007,2026-08-12 22:44:11,2084.83,Netbanking,DEV_2645,Pune,0,315,0,historical,0
TX10149,C1035,2026-08-12 23:35:11,8948.02,Debit Card,DEV_2056,Pune,0,31,0,historical,0
TX10838,C1001,2026-08-13 00:26:11,2517.17,Credit Card,DEV_1626,Pune,0,281,0,historical,0
TX10490,C1029,2026-08-13 05:18:11,760.7,UPI,DEV_8010,Chennai,0,639,0,historical,0
TX10598,C1039,2026-08-13 06:56:11,16112.29,Netbanking,DEV_1419,Delhi,1,669,0,historical,0
TX10070,C1033,2026-08-13 07:21:11,46820.71,UPI,DEV_1842,Bengaluru,4,869,0,historical,1
TX10054,C1017,2026-08-13 09:46:11,469.13,Wallet,DEV_1278,Ahmedabad,0,64,0,historical,0
TX10947,C1039,2026-08-13 10:42:11,4917.44,Netbanking,DEV_1419,Ahmedabad,1,669,0,historical,0
TX10884,C1018,2026-08-13 11:58:11,3804.58,Credit Card,DEV_5498,Mumbai,0,797,0,historical,0
TX10662,C1045,2026-08-13 14:02:11,8568.72,Debit Card,DEV_2645,Delhi,1,560,0,historical,0
TX10604,C1045,2026-08-13 14:08:11,4221.78,Netbanking,DEV_2645,Delhi,0,560,0,historical,0
TX10488,C1008,2026-08-13 15:40:11,5967.37,UPI,DEV_9033,Noida,0,402,0,historical,0
TX10708,C1000,2026-08-13 16:16:11,2319.08,Credit Card,DEV_6617,Ahmedabad,0,874,0,historical,0
TX10993,C1002,2026-08-13 19:13:11,1456.15,Netbanking,DEV_5268,Gurugram,0,446,0,historical,0
TX10997,C1000,2026-08-13 19:15:11,1253.36,Debit Card,DEV_6617,Ahmedabad,0,874,0,historical,0
TX10127,C1023,2026-08-13 20:50:11,12585.07,UPI,DEV_7643,Hyderabad,2,441,0,historical,1
TX10280,C1039,2026-08-13 23:45:11,3928.7,Debit Card,DEV_1419,Ahmedabad,0,669,0,historical,0
TX10296,C1017,2026-08-14 01:45:11,992.69,UPI,DEV_1278,Ahmedabad,0,64,0,historical,0
TX10498,C1034,2026-08-14 07:08:11,4967.17,UPI,DEV_9033,Mumbai,0,577,0,historical,0
TX10988,C1041,2026-08-14 15:17:11,563.49,Debit Card,DEV_7952,Mumbai,0,341,0,historical,0
TX10727,C1037,2026-08-14 15:46:11,2497.92,UPI,DEV_2154,Chennai,0,613,0,historical,0
TX10253,C1035,2026-08-14 18:02:11,8013.68,Netbanking,DEV_2056,Pune,0,31,0,historical,0
TX10206,C1037,2026-08-15 01:25:11,2257.43,Credit Card,DEV_2154,Chennai,0,613,0,historical,0
TX10890,C1023,2026-08-15 02:47:11,3346.38,Wallet,DEV_6617,Hyderabad,0,441,0,historical,0
TX10160,C1037,2026-08-15 03:43:11,1298.76,UPI,DEV_2154,Chennai,0,613,0,historical,0
TX10903,C1000,2026-08-15 04:27:11,1345.66,Credit Card,DEV_6617,Ahmedabad,0,874,0,historical,0
TX10797,C1003,2026-08-15 04:45:11,10585.62,Debit Card,DEV_9578,London,1,741,0,historical,1
TX10194,C1004,2026-08-15 08:45:11,6232.1,UPI,DEV_3824,Chennai,0,135,0,historical,0
TX11013,C1019,2026-08-15 09:39:11,6051.1,UPI,DEV_FRAUD_BURST_99,London,2,744,0,historical,1
TX10932,C1005,2026-08-15 09:47:11,1517.6,Credit Card,DEV_7256,Jaipur,0,481,0,historical,0
TX10307,C1032,2026-08-15 13:14:11,4174.15,UPI,DEV_8224,Mumbai,0,664,0,historical,0
TX10794,C1036,2026-08-15 13:30:11,4085.41,Netbanking,DEV_2390,Bengaluru,1,647,0,historical,0
TX10272,C1036,2026-08-15 13:51:11,1509.63,Debit Card,DEV_2390,Mumbai,0,647,0,historical,0
TX10230,C1026,2026-08-15 14:53:11,1018.27,Wallet,DEV_8880,Mumbai,0,835,0,historical,0
TX10836,C1004,2026-08-15 18:36:11,5545.49,Debit Card,DEV_3824,Chennai,0,135,0,historical,0
TX10150,C1031,2026-08-15 19:10:11,49283.35,Credit Card,DEV_9529,New York,4,324,0,historical,1
TX10637,C1000,2026-08-16 00:15:11,1206.42,Wallet,DEV_6617,Ahmedabad,0,874,0,historical,0
TX10114,C1034,2026-08-16 03:16:11,2170.56,UPI,DEV_9033,Mumbai,0,577,0,historical,0
TX10533,C1002,2026-08-16 04:05:11,3376.49,UPI,DEV_4276,Gurugram,0,446,0,historical,0
TX10260,C1006,2026-08-16 06:38:11,8788.23,Netbanking,DEV_2390,Bengaluru,1,435,0,historical,0
TX10396,C1032,2026-08-16 10:06:11,19151.52,Wallet,DEV_FRAUD_BURST_99,London,2,664,0,historical,1
TX10155,C1044,2026-08-16 10:28:11,1696.42,Netbanking,DEV_9838,Ahmedabad,0,21,0,historical,0
TX10050,C1039,2026-08-16 12:14:11,11966.05,UPI,DEV_1419,Ahmedabad,0,669,0,historical,0
TX10343,C1033,2026-08-16 12:21:11,11451.47,UPI,DEV_1842,Bengaluru,0,869,0,historical,0
TX10634,C1016,2026-08-16 19:26:11,2190.92,Wallet,DEV_3788,Ahmedabad,0,271,0,historical,0
TX10411,C1028,2026-08-16 21:00:11,2746.59,Credit Card,DEV_5252,Bengaluru,0,16,0,historical,0
TX10252,C1025,2026-08-16 23:33:11,4660.06,Netbanking,DEV_5256,Noida,0,679,0,historical,0
TX10145,C1008,2026-08-17 01:47:11,4653.27,UPI,DEV_9033,Noida,0,402,0,historical,0
TX10803,C1046,2026-08-17 02:21:11,1596.34,Netbanking,DEV_8616,Noida,1,94,0,historical,0
TX10177,C1043,2026-08-17 05:47:11,2604.56,Credit Card,DEV_5498,Hyderabad,0,374,0,historical,0
TX10550,C1017,2026-08-17 06:03:11,505.05,Wallet,DEV_1278,Ahmedabad,0,64,0,historical,0
TX10617,C1006,2026-08-17 08:50:11,2092.29,Debit Card,DEV_2390,Bengaluru,0,435,0,historical,0
TX10457,C1009,2026-08-17 08:56:11,2784.83,Debit Card,DEV_8224,Jaipur,0,378,0,historical,0
TX10205,C1040,2026-08-17 11:20:11,12531.26,UPI,DEV_9637,Hyderabad,0,243,0,historical,0
TX10270,C1040,2026-08-17 14:03:11,6097.78,UPI,DEV_1444,Hyderabad,0,243,0,historical,0
TX10923,C1008,2026-08-17 15:14:11,5025.91,Credit Card,DEV_9033,Noida,0,402,0,historical,0
TX10427,C1027,2026-08-17 18:35:11,35779.67,Credit Card,DEV_5256,London,1,354,0,historical,1
TX10733,C1033,2026-08-17 18:51:11,12949.17,Credit Card,DEV_1842,Bengaluru,0,869,0,historical,0
TX10602,C1027,2026-08-17 20:03:11,6743.32,Credit Card,DEV_5310,Hyderabad,0,354,0,historical,0
TX10477,C1047,2026-08-17 23:08:11,2535.54,UPI,DEV_4137,Gurugram,0,504,0,historical,0
TX10003,C1007,2026-08-17 23:50:11,22829.57,Credit Card,DEV_FRAUD_BURST_99,New York,2,315,0,historical,1
TX10392,C1004,2026-08-18 00:58:11,13558.48,Debit Card,DEV_3824,Mumbai,1,135,0,historical,0
TX10429,C1008,2026-08-18 01:15:11,6241.5,Credit Card,DEV_9033,Noida,0,402,0,historical,0
TX10453,C1007,2026-08-18 06:58:11,5235.73,Wallet,DEV_2645,Pune,0,315,0,historical,0
TX10554,C1022,2026-08-18 07:33:11,1403.52,UPI,DEV_3551,Chennai,1,346,0,historical,0
TX10820,C1017,2026-08-18 14:47:11,410.54,Wallet,DEV_9531,Ahmedabad,0,64,0,historical,0
TX10825,C1040,2026-08-18 16:22:11,4444.06,Credit Card,DEV_1444,Delhi,0,243,0,historical,0
TX10951,C1018,2026-08-18 20:46:11,2843.92,Debit Card,DEV_5498,Mumbai,0,797,0,historical,0
TX10840,C1047,2026-08-18 21:05:11,11857.52,Netbanking,DEV_4137,Gurugram,1,504,0,historical,0
TX10434,C1028,2026-08-18 22:54:11,4690.92,Credit Card,DEV_8203,Bengaluru,2,16,0,historical,1
TX10607,C1047,2026-08-18 23:37:11,3030.75,Credit Card,DEV_7103,Gurugram,1,504,0,historical,0
TX10709,C1028,2026-08-19 00:33:11,1616.4,Debit Card,DEV_9578,Bengaluru,0,16,0,historical,0
TX10405,C1007,2026-08-19 03:03:11,6371.28,Debit Card,DEV_2645,Pune,0,315,0,historical,0
TX10268,C1033,2026-08-19 04:37:11,23129.61,Credit Card,DEV_1842,Bengaluru,1,869,0,historical,0
TX10737,C1024,2026-08-19 06:53:11,856.65,Debit Card,DEV_8843,Kolkata,0,7,0,historical,0
TX10085,C1007,2026-08-19 07:43:11,12599.75,Netbanking,DEV_3788,Pune,1,315,0,historical,1
TX10518,C1043,2026-08-19 11:34:11,2452.91,Netbanking,DEV_5498,Hyderabad,0,374,0,historical,0
TX10055,C1010,2026-08-19 13:50:11,2002.45,Debit Card,DEV_8913,Hyderabad,0,342,0,historical,0
TX10144,C1046,2026-08-19 16:02:11,442.59,Credit Card,DEV_8616,Noida,0,94,0,historical,0
TX10090,C1002,2026-08-19 16:25:11,3421.31,Debit Card,DEV_4276,Gurugram,0,446,0,historical,0
TX10450,C1006,2026-08-19 16:46:11,3088.49,Netbanking,DEV_2390,Bengaluru,0,435,0,historical,0
TX10374,C1036,2026-08-19 17:32:11,4587.03,Netbanking,DEV_2390,Mumbai,1,647,0,historical,0
TX10958,C1003,2026-08-20 01:40:11,1984.14,Credit Card,DEV_8883,Delhi,0,741,0,historical,0
TX11022,C1041,2026-08-20 09:11:11,1035.73,Credit Card,DEV_7952,Mumbai,0,341,0,historical,0
TX10930,C1024,2026-08-20 09:54:11,1086.64,Debit Card,DEV_8843,Bengaluru,0,7,0,historical,0
TX10549,C1047,2026-08-20 10:21:11,3847.97,Debit Card,DEV_4137,Gurugram,1,504,0,historical,0
TX10863,C1027,2026-08-20 11:15:11,13261.54,UPI,DEV_2768,Hyderabad,0,354,0,historical,0
TX10312,C1023,2026-08-20 13:20:11,22714.89,UPI,DEV_FRAUD_BURST_99,New York,2,441,0,historical,1
TX10336,C1045,2026-08-20 14:12:11,3468.79,UPI,DEV_2645,Delhi,0,560,0,historical,0
TX10474,C1000,2026-08-20 16:28:11,1307.37,Debit Card,DEV_6617,Ahmedabad,0,874,0,historical,0
TX10601,C1034,2026-08-20 18:14:11,14987.69,Debit Card,DEV_4276,London,2,577,0,historical,1
TX10385,C1005,2026-08-20 20:43:11,1947.13,Credit Card,DEV_7256,Jaipur,0,481,0,historical,0
TX10754,C1028,2026-08-20 20:54:11,1062.97,UPI,DEV_9994,Bengaluru,0,16,0,historical,0
TX10286,C1038,2026-08-20 22:16:11,474.39,Debit Card,DEV_7012,Ahmedabad,0,396,0,historical,0
TX10925,C1001,2026-08-20 23:12:11,2120.47,Credit Card,DEV_1626,Pune,0,281,0,historical,0
TX10591,C1040,2026-08-21 05:47:11,7602.83,Credit Card,DEV_1444,Jaipur,0,243,0,historical,0
TX10207,C1035,2026-08-21 09:17:11,68371.92,Debit Card,DEV_2056,Pune,4,31,0,historical,1
TX10527,C1028,2026-08-21 10:00:11,2053.86,Debit Card,DEV_9578,Bengaluru,0,16,0,historical,0
TX10536,C1008,2026-08-21 13:25:11,5679.0,Wallet,DEV_9033,Noida,0,402,0,historical,0
TX11043,C1023,2026-08-21 22:11:11,18332.76,Wallet,DEV_7441,London,3,441,0,historical,1
TX10632,C1036,2026-08-22 00:22:11,2201.11,Wallet,DEV_2390,Mumbai,0,647,0,historical,0
TX10570,C1029,2026-08-22 01:58:11,1178.61,UPI,DEV_8010,Chennai,0,639,0,historical,0
TX10620,C1016,2026-08-22 03:26:11,1823.19,Credit Card,DEV_3788,Ahmedabad,0,271,0,historical,0
TX10724,C1038,2026-08-22 05:33:11,581.28,UPI,DEV_7012,Ahmedabad,0,396,0,historical,0
TX10283,C1012,2026-08-22 11:28:11,5002.87,Netbanking,DEV_5639,Jaipur,0,502,0,historical,0
TX10595,C1002,2026-08-22 12:29:11,2513.82,Debit Card,DEV_4276,Gurugram,0,446,0,historical,0
TX10808,C1034,2026-08-22 13:51:11,2102.87,Netbanking,DEV_9033,Mumbai,0,577,0,historical,0
TX10983,C1005,2026-08-22 14:11:11,1264.42,Credit Card,DEV_7256,Jaipur,0,481,0,historical,0
TX10393,C1046,2026-08-22 17:20:11,608.55,Debit Card,DEV_8616,Noida,0,94,0,historical,0
TX10169,C1005,2026-08-22 17:34:11,2220.96,Netbanking,DEV_7256,Noida,1,481,0,historical,0
TX11035,C1025,2026-08-22 18:06:11,5449.19,Credit Card,DEV_9033,Gurugram,1,679,0,historical,0
TX10860,C1036,2026-08-23 05:04:11,3989.27,Netbanking,DEV_2390,Mumbai,1,647,0,historical,0
TX10458,C1004,2026-08-23 07:44:11,3516.53,Netbanking,DEV_3824,Chennai,0,135,0,historical,0
TX10016,C1007,2026-08-23 09:30:11,3207.5,Netbanking,DEV_2645,Pune,0,315,0,historical,0
TX10792,C1014,2026-08-23 09:54:11,2400.8,Wallet,DEV_7098,Pune,1,335,2,historical,0
TX10744,C1026,2026-08-23 10:03:11,802.88,UPI,DEV_8880,Mumbai,1,835,0,historical,0
TX10832,C1035,2026-08-23 10:38:11,63468.9,Credit Card,DEV_2056,Pune,2,31,0,historical,1
TX10883,C1035,2026-08-23 15:20:11,6842.1,Credit Card,DEV_2056,Pune,0,31,0,historical,0
TX10087,C1001,2026-08-23 17:45:11,1343.45,Wallet,DEV_1626,Pune,0,281,0,historical,0
TX10423,C1007,2026-08-23 18:25:11,4866.22,Debit Card,DEV_2645,Pune,0,315,0,historical,0
TX10776,C1042,2026-08-23 19:06:11,2317.83,Credit Card,DEV_2564,Bengaluru,0,750,0,historical,0
TX11004,C1044,2026-08-23 20:48:11,1124.2,UPI,DEV_9838,Ahmedabad,0,21,0,historical,0
TX10057,C1042,2026-08-23 20:52:11,2138.93,Netbanking,DEV_2564,Bengaluru,0,750,0,historical,0
TX10867,C1003,2026-08-23 21:30:11,1526.12,UPI,DEV_8883,Delhi,0,741,0,historical,0
TX10686,C1040,2026-08-23 22:26:11,9121.32,Netbanking,DEV_1444,Hyderabad,0,243,0,historical,0
TX10255,C1046,2026-08-23 23:42:11,923.81,Netbanking,DEV_1278,Noida,0,94,0,historical,0
TX10837,C1030,2026-08-24 02:06:11,18354.59,Netbanking,DEV_8010,New York,3,899,0,historical,1
TX10854,C1040,2026-08-24 02:24:11,8484.09,Netbanking,DEV_1444,Hyderabad,0,243,0,historical,0
TX10954,C1043,2026-08-24 02:50:11,3861.48,Credit Card,DEV_5498,Ahmedabad,1,374,0,historical,0
TX10900,C1002,2026-08-24 02:54:11,2757.78,Credit Card,DEV_4276,Gurugram,0,446,0,historical,0
TX11002,C1017,2026-08-24 07:42:11,1988.72,Credit Card,DEV_9033,Ahmedabad,2,64,0,historical,1
TX10185,C1028,2026-08-24 12:26:11,1740.0,Debit Card,DEV_9578,Bengaluru,0,16,0,historical,0
TX10290,C1009,2026-08-24 14:06:11,18667.97,Debit Card,DEV_7098,London,4,378,0,historical,1
TX10590,C1030,2026-08-24 14:51:11,2801.26,Debit Card,DEV_8913,Delhi,0,899,0,historical,0
TX10124,C1016,2026-08-24 19:15:11,1425.95,Debit Card,DEV_3788,Ahmedabad,0,271,0,historical,0
TX10452,C1003,2026-08-24 20:46:11,1044.58,Debit Card,DEV_8883,Delhi,0,741,0,historical,0
TX10829,C1025,2026-08-24 22:31:11,5475.93,Debit Card,DEV_9033,Noida,0,679,0,historical,0
TX10592,C1015,2026-08-25 02:58:11,4057.18,Debit Card,DEV_1842,Delhi,0,154,0,historical,0
TX10732,C1006,2026-08-25 05:49:11,5890.78,Credit Card,DEV_2390,Kolkata,1,435,0,historical,0
TX10445,C1010,2026-08-25 08:57:11,7922.43,Netbanking,DEV_5714,Hyderabad,1,342,0,historical,1
TX11049,C1020,2026-08-25 09:10:11,4964.74,Debit Card,DEV_8616,London,2,172,0,historical,1
TX10802,C1012,2026-08-25 09:25:11,5222.69,Wallet,DEV_5639,Jaipur,0,502,0,historical,0
TX10611,C1043,2026-08-25 10:28:11,5160.01,UPI,DEV_5498,Hyderabad,1,374,0,historical,0
TX10513,C1046,2026-08-25 12:22:11,710.22,Credit Card,DEV_8616,Noida,0,94,0,historical,0
TX10927,C1013,2026-08-25 14:46:11,12667.21,UPI,DEV_9123,Hyderabad,1,538,0,historical,0
TX10034,C1037,2026-08-25 20:03:11,7565.78,Wallet,DEV_7223,Chennai,2,613,0,historical,1
TX10614,C1045,2026-08-25 20:24:11,4150.12,Debit Card,DEV_2645,Delhi,0,560,0,historical,0
TX10906,C1041,2026-08-26 05:17:11,1750.65,UPI,DEV_5252,Mumbai,0,341,0,historical,0
TX10542,C1007,2026-08-26 06:08:11,5658.77,UPI,DEV_2645,Pune,0,315,0,historical,0
TX10295,C1039,2026-08-26 06:12:11,7959.79,Credit Card,DEV_1419,Pune,0,669,0,historical,0
TX10718,C1022,2026-08-26 06:23:11,3192.5,Debit Card,DEV_3551,Chennai,4,346,0,historical,1
TX10806,C1040,2026-08-26 07:45:11,12230.82,Wallet,DEV_1444,Hyderabad,1,243,0,historical,0
TX10700,C1024,2026-08-26 10:14:11,1331.49,UPI,DEV_8843,Bengaluru,0,7,0,historical,0
TX11001,C1013,2026-08-26 10:16:11,11015.67,Debit Card,DEV_9123,Mumbai,1,538,0,historical,0
TX10580,C1029,2026-08-26 12:16:11,2123.99,Credit Card,DEV_8010,Chennai,0,639,0,historical,0
TX10460,C1019,2026-08-26 14:42:11,1053.56,Netbanking,DEV_7103,Jaipur,0,744,0,historical,0
TX10499,C1004,2026-08-26 16:59:11,22611.87,Netbanking,DEV_6617,New York,4,135,0,historical,1
TX11027,C1002,2026-08-26 22:12:11,12604.21,Credit Card,DEV_FRAUD_BURST_99,London,2,446,0,historical,1
TX10585,C1012,2026-08-27 02:44:11,1780.96,Wallet,DEV_5639,Jaipur,0,502,0,historical,0
TX10682,C1000,2026-08-27 02:58:11,9004.52,Wallet,DEV_3000,London,4,874,0,historical,1
TX10790,C1043,2026-08-27 04:14:11,1848.16,Credit Card,DEV_5498,Hyderabad,0,374,0,historical,0
TX10911,C1034,2026-08-27 07:06:11,3060.09,UPI,DEV_9033,Mumbai,0,577,0,historical,0
TX10421,C1010,2026-08-27 09:31:11,2809.88,Wallet,DEV_8913,Hyderabad,0,342,0,historical,0
TX10200,C1033,2026-08-27 11:49:11,18472.48,Wallet,DEV_7952,Bengaluru,0,869,0,historical,0
TX10204,C1027,2026-08-27 12:25:11,3388.86,Wallet,DEV_5310,Hyderabad,0,354,0,historical,0
TX10612,C1034,2026-08-27 13:04:11,4836.22,Netbanking,DEV_9033,Mumbai,0,577,0,historical,0
TX10084,C1040,2026-08-27 14:24:11,3918.33,UPI,DEV_1444,Hyderabad,0,243,0,historical,0
TX10805,C1029,2026-08-27 15:10:11,1549.01,UPI,DEV_8010,Chennai,0,639,0,historical,0
TX10493,C1010,2026-08-27 17:45:11,4054.01,UPI,DEV_8913,Mumbai,0,342,0,historical,0
TX10381,C1025,2026-08-27 20:56:11,6765.6,Wallet,DEV_1626,Noida,0,679,0,historical,0
TX10563,C1043,2026-08-27 21:14:11,948.62,UPI,DEV_5498,Hyderabad,0,374,0,historical,0
TX10756,C1032,2026-08-28 04:40:11,2694.1,UPI,DEV_8224,Mumbai,0,664,0,historical,0
TX10994,C1003,2026-08-28 04:48:11,1133.79,Netbanking,DEV_8883,Delhi,0,741,0,historical,0
TX10239,C1000,2026-08-28 07:52:11,2044.35,Netbanking,DEV_6617,Ahmedabad,0,874,0,historical,0
TX10256,C1045,2026-08-28 10:01:11,6746.63,Netbanking,DEV_7441,Delhi,0,560,0,historical,0
TX10739,C1003,2026-08-28 10:29:11,3394.48,UPI,DEV_6426,Delhi,0,741,0,historical,0
TX10349,C1015,2026-08-28 12:28:11,5153.31,Credit Card,DEV_1842,Delhi,0,154,0,historical,0
TX10859,C1026,2026-08-28 14:05:11,611.36,Credit Card,DEV_8880,Mumbai,0,835,0,historical,0
TX10770,C1044,2026-08-28 14:49:11,5183.66,Credit Card,DEV_FRAUD_BURST_99,London,2,21,0,historical,1
TX10028,C1042,2026-08-28 18:40:11,5221.69,UPI,DEV_2564,Bengaluru,1,750,0,historical,0
TX10868,C1045,2026-08-28 19:03:11,4757.07,Wallet,DEV_2645,Delhi,0,560,0,historical,0
TX10655,C1007,2026-08-28 20:15:11,3055.66,UPI,DEV_2645,Pune,0,315,0,historical,0
TX10035,C1005,2026-08-28 22:23:11,1376.47,UPI,DEV_7256,Jaipur,0,481,0,historical,0
TX10866,C1038,2026-08-28 22:29:11,633.87,Credit Card,DEV_7012,Ahmedabad,0,396,0,historical,0
TX10861,C1046,2026-08-28 22:35:11,394.9,Debit Card,DEV_8616,Noida,0,94,0,historical,0
TX11029,C1039,2026-08-29 02:06:11,6252.34,Credit Card,DEV_1419,Ahmedabad,0,669,0,historical,0
TX10135,C1037,2026-08-29 09:32:11,16919.11,Wallet,DEV_2154,Chennai,3,613,0,historical,1
TX10674,C1037,2026-08-29 11:47:11,3113.68,Wallet,DEV_2154,Chennai,0,613,0,historical,0
TX10878,C1024,2026-08-29 13:39:11,674.43,Netbanking,DEV_8843,Bengaluru,0,7,0,historical,0
TX10586,C1002,2026-08-29 19:41:11,2063.68,Credit Card,DEV_4276,Ahmedabad,0,446,0,historical,0
TX10944,C1011,2026-08-29 20:54:11,4743.41,UPI,DEV_9066,Kolkata,0,244,0,historical,0
TX10938,C1009,2026-08-29 21:03:11,14574.99,Debit Card,DEV_FRAUD_BURST_99,London,2,378,0,historical,1
TX10664,C1022,2026-08-29 23:48:11,310.53,Credit Card,DEV_3551,Chennai,0,346,0,historical,0
TX10599,C1038,2026-08-30 01:30:11,757.25,Debit Card,DEV_7012,Ahmedabad,0,396,0,historical,0
TX10067,C1037,2026-08-30 03:01:11,1572.75,UPI,DEV_3000,Chennai,0,613,0,historical,0
TX10320,C1008,2026-08-30 05:00:11,32290.38,Credit Card,DEV_9033,Noida,5,402,0,historical,1
TX10258,C1040,2026-08-30 05:01:11,6458.12,Debit Card,DEV_1444,Hyderabad,0,243,0,historical,0
TX10531,C1044,2026-08-30 07:06:11,2248.79,Wallet,DEV_9838,Ahmedabad,0,21,0,historical,0
TX10382,C1047,2026-08-30 07:30:11,3224.95,Debit Card,DEV_4137,Gurugram,0,504,0,historical,0
TX10180,C1047,2026-08-30 09:08:11,8131.17,Credit Card,DEV_4137,Pune,1,504,0,historical,0
TX10267,C1025,2026-08-30 14:46:11,4525.53,Netbanking,DEV_9033,Noida,0,679,0,historical,0
TX10812,C1032,2026-08-30 17:55:11,2228.18,Wallet,DEV_8224,Mumbai,0,664,0,historical,0
TX10768,C1031,2026-08-30 21:49:11,7767.13,Credit Card,DEV_5393,Bengaluru,0,324,0,historical,0
TX10996,C1040,2026-08-30 23:03:11,14128.85,Netbanking,DEV_4187,Hyderabad,3,243,0,historical,1
TX10202,C1018,2026-08-30 23:28:11,1860.56,UPI,DEV_5498,Mumbai,0,797,0,historical,0
TX10344,C1028,2026-08-30 23:46:11,1192.78,Credit Card,DEV_9578,Bengaluru,0,16,0,historical,0
TX10485,C1030,2026-08-31 00:22:11,4325.72,Netbanking,DEV_2768,Delhi,0,899,0,historical,0
TX10643,C1017,2026-08-31 01:01:11,699.1,Debit Card,DEV_5557,Ahmedabad,0,64,0,historical,0
TX10848,C1008,2026-08-31 02:22:11,27882.0,Credit Card,DEV_7441,New York,1,402,0,historical,1
TX10201,C1043,2026-08-31 02:39:11,1061.24,Wallet,DEV_5498,Hyderabad,0,374,0,historical,0
TX10870,C1030,2026-08-31 03:16:11,4055.91,Netbanking,DEV_8913,Delhi,0,899,0,historical,0
TX10071,C1026,2026-08-31 05:39:11,545.36,Netbanking,DEV_8880,Mumbai,0,835,0,historical,0
TX10642,C1005,2026-08-31 05:59:11,655.5,Credit Card,DEV_7256,Jaipur,0,481,0,historical,0
TX10748,C1035,2026-08-31 07:02:11,13088.72,Credit Card,DEV_8203,Pune,0,31,0,historical,0
TX10319,C1010,2026-08-31 08:56:11,3994.56,Debit Card,DEV_8913,Hyderabad,0,342,0,historical,0
TX10618,C1041,2026-08-31 08:58:11,1165.23,UPI,DEV_7952,Mumbai,0,341,0,historical,0
TX10575,C1032,2026-08-31 13:32:11,5126.59,UPI,DEV_8224,Mumbai,0,664,0,historical,0
TX10079,C1029,2026-08-31 17:30:11,1471.87,Netbanking,DEV_8010,Chennai,0,639,0,historical,0
TX10578,C1006,2026-08-31 18:38:11,2979.28,UPI,DEV_2390,Bengaluru,0,435,0,historical,0
TX10750,C1012,2026-08-31 20:14:11,5385.85,Netbanking,DEV_8010,Jaipur,0,502,0,historical,0
TX10386,C1001,2026-08-31 23:24:11,901.67,Wallet,DEV_8767,Pune,0,281,0,historical,0
TX10679,C1033,2026-09-01 00:23:11,11506.96,Netbanking,DEV_1842,Bengaluru,0,869,0,historical,0
TX10018,C1044,2026-09-01 02:50:11,10327.74,UPI,DEV_3889,New York,1,21,0,historical,1
TX10115,C1030,2026-09-01 02:50:11,2600.86,Wallet,DEV_8913,Delhi,0,899,0,historical,0
TX10780,C1016,2026-09-01 05:18:11,1982.54,Debit Card,DEV_3788,Ahmedabad,0,271,0,historical,0
TX10418,C1032,2026-09-01 09:11:11,4138.83,Credit Card,DEV_8224,Mumbai,0,664,0,historical,0
TX10175,C1042,2026-09-01 10:31:11,1266.22,Netbanking,DEV_2564,Bengaluru,0,750,0,historical,0
TX10798,C1002,2026-09-01 12:32:11,2813.84,Netbanking,DEV_4276,Gurugram,0,446,0,historical,0
TX10122,C1029,2026-09-01 16:02:11,7426.69,UPI,DEV_FRAUD_BURST_99,New York,2,639,0,historical,1
TX10223,C1018,2026-09-01 20:08:11,3488.93,Debit Card,DEV_5498,Mumbai,0,797,0,historical,0
TX10310,C1044,2026-09-01 20:55:11,2463.67,Debit Card,DEV_9838,Ahmedabad,0,21,0,historical,0
TX10309,C1003,2026-09-01 21:32:11,2582.76,Wallet,DEV_8883,Delhi,0,741,0,historical,0
TX10302,C1010,2026-09-01 21:46:11,6054.36,UPI,DEV_8913,Hyderabad,0,342,0,historical,0
TX10089,C1004,2026-09-01 22:19:11,14348.02,Debit Card,DEV_3824,Chennai,1,135,0,historical,0
TX10495,C1001,2026-09-02 04:21:11,1719.47,Credit Card,DEV_1626,Pune,0,281,0,historical,0
TX11041,C1002,2026-09-02 05:33:11,1528.44,Wallet,DEV_4276,Gurugram,0,446,0,historical,0
TX10006,C1019,2026-09-02 07:19:11,928.68,UPI,DEV_7103,Jaipur,0,744,0,historical,0
TX10731,C1003,2026-09-02 08:22:11,977.27,Netbanking,DEV_8883,Delhi,0,741,0,historical,0
TX10341,C1034,2026-09-02 10:41:11,2073.28,UPI,DEV_9033,Mumbai,0,577,0,historical,0
TX10315,C1002,2026-09-02 15:10:11,13183.69,Credit Card,DEV_FRAUD_BURST_99,London,2,446,0,historical,1
TX10112,C1033,2026-09-02 22:03:11,12057.27,Debit Card,DEV_1842,Noida,0,869,0,historical,0
TX10146,C1044,2026-09-03 01:47:11,3511.41,UPI,DEV_9838,Chennai,1,21,0,historical,0
TX10456,C1013,2026-09-03 03:37:11,27454.62,UPI,DEV_FRAUD_BURST_99,New York,2,538,0,historical,1
TX10378,C1040,2026-09-03 04:33:11,10774.99,Wallet,DEV_1444,Gurugram,1,243,0,historical,0
TX10383,C1023,2026-09-03 05:44:11,5888.43,Netbanking,DEV_6617,Hyderabad,0,441,0,historical,0
TX10233,C1038,2026-09-03 07:40:11,1222.66,Wallet,DEV_7012,Ahmedabad,1,396,0,historical,0
TX10246,C1025,2026-09-03 10:10:11,5075.69,Wallet,DEV_9033,Noida,0,679,0,historical,0
TX10481,C1032,2026-09-03 10:47:11,2289.67,Wallet,DEV_8224,Mumbai,0,664,0,historical,0
TX10040,C1036,2026-09-03 12:50:11,2233.36,Credit Card,DEV_2390,Mumbai,0,647,0,historical,0
TX10372,C1036,2026-09-03 13:43:11,1362.0,Netbanking,DEV_2390,Mumbai,0,647,0,historical,0
TX11161,C1018,2026-09-03 17:12:11,15107.54,Wallet,DEV_5310,New York,1,797,0,current,1
TX11191,C1027,2026-09-03 17:28:11,9617.07,Netbanking,DEV_5310,Hyderabad,0,354,0,current,0
TX11134,C1000,2026-09-03 17:36:11,2076.56,Wallet,DEV_6617,Ahmedabad,0,874,0,current,0
TX11106,C1008,2026-09-03 17:41:11,12984.89,Netbanking,DEV_9033,Noida,1,402,0,current,0
TX11081,C1010,2026-09-03 18:08:11,22493.8,Wallet,DEV_FRAUD_BURST_99,New York,2,342,0,current,1
TX11065,C1000,2026-09-03 18:08:11,2839.84,Wallet,DEV_6617,Ahmedabad,0,874,0,current,0
TX11098,C1034,2026-09-03 18:18:11,3940.81,Wallet,DEV_9033,Mumbai,0,577,0,current,0
TX11115,C1035,2026-09-03 18:25:11,11198.49,Debit Card,DEV_2056,Pune,0,31,0,current,0
TX11140,C1000,2026-09-03 18:29:11,2058.17,Wallet,DEV_6617,Ahmedabad,0,874,0,current,0
TX11168,C1012,2026-09-03 18:29:11,2901.11,Netbanking,DEV_5639,Jaipur,0,502,0,current,0
TX11199,C1036,2026-09-03 18:34:11,1133.47,Wallet,DEV_2390,Mumbai,0,647,0,current,0
TX11155,C1023,2026-09-03 18:52:11,5188.43,Credit Card,DEV_7103,Hyderabad,0,441,0,current,0
TX11133,C1007,2026-09-03 19:20:11,27854.72,Credit Card,DEV_2645,Pune,4,315,0,current,1
TX11096,C1004,2026-09-03 19:28:11,8580.6,UPI,DEV_3824,Chennai,0,135,0,current,0
TX11143,C1031,2026-09-03 19:35:11,4123.09,Credit Card,DEV_5393,Bengaluru,0,324,0,current,0
TX11066,C1046,2026-09-03 19:40:11,267.75,Debit Card,DEV_8616,Noida,0,94,0,current,0
TX11088,C1017,2026-09-03 19:47:11,849.88,Credit Card,DEV_1278,Ahmedabad,0,64,0,current,0
TX11011,C1039,2026-09-03 19:52:11,6401.46,Credit Card,DEV_1419,Ahmedabad,0,669,0,historical,0
TX11085,C1012,2026-09-03 20:05:11,5175.42,Credit Card,DEV_5639,Jaipur,1,502,0,current,0
TX11111,C1037,2026-09-03 20:13:11,3438.77,UPI,DEV_2154,Chennai,0,613,0,current,0
TX11138,C1021,2026-09-03 21:08:11,3650.37,Debit Card,DEV_3682,Bengaluru,0,368,0,current,0
TX11069,C1041,2026-09-03 21:15:11,699.55,UPI,DEV_7952,Mumbai,0,341,0,current,0
TX11118,C1006,2026-09-03 21:35:11,2904.09,Netbanking,DEV_2390,Bengaluru,0,435,0,current,0
TX11099,C1040,2026-09-03 21:47:11,14533.16,Netbanking,DEV_1444,Hyderabad,1,243,0,current,0
TX11083,C1015,2026-09-03 21:52:11,2216.94,Credit Card,DEV_1842,Delhi,0,154,0,current,0
TX11172,C1016,2026-09-03 21:52:11,1828.59,UPI,DEV_3788,Ahmedabad,0,271,0,current,0
TX11159,C1012,2026-09-03 21:54:11,5087.25,UPI,DEV_8140,Jaipur,0,502,0,current,0
TX11093,C1028,2026-09-03 22:00:11,2285.63,Credit Card,DEV_9578,Bengaluru,0,16,0,current,0
TX11137,C1000,2026-09-03 22:10:11,1763.89,UPI,DEV_6617,Ahmedabad,0,874,0,current,0
TX11077,C1037,2026-09-03 22:31:11,1781.48,UPI,DEV_2154,Chennai,0,613,0,current,0
TX11084,C1021,2026-09-03 22:48:11,5051.71,Credit Card,DEV_3682,Bengaluru,0,368,0,current,0
TX11110,C1034,2026-09-03 22:49:11,6191.23,Credit Card,DEV_9033,Mumbai,1,577,0,current,0
TX11109,C1041,2026-09-03 23:02:11,1093.09,Netbanking,DEV_7952,Mumbai,0,341,0,current,0
TX11146,C1033,2026-09-03 23:04:11,13216.84,Debit Card,DEV_1842,Bengaluru,0,869,0,current,0
TX10720,C1012,2026-09-03 23:17:11,1711.08,Netbanking,DEV_5639,Jaipur,0,502,0,historical,0
TX11179,C1023,2026-09-03 23:20:11,3749.03,Netbanking,DEV_6617,Hyderabad,0,441,0,current,0
TX11086,C1021,2026-09-03 23:31:11,4081.76,Debit Card,DEV_3682,Bengaluru,0,368,0,current,0
TX11097,C1017,2026-09-03 23:44:11,674.42,Debit Card,DEV_1278,Jaipur,0,64,0,current,0
TX10446,C1030,2026-09-04 00:27:11,4823.79,UPI,DEV_8913,Delhi,0,899,0,historical,0
TX11193,C1031,2026-09-04 00:35:11,9329.53,Credit Card,DEV_5393,Bengaluru,0,324,0,current,0
TX11087,C1013,2026-09-04 00:45:11,3598.06,Debit Card,DEV_6117,Hyderabad,0,538,0,current,0
TX11147,C1024,2026-09-04 01:00:11,2000.58,Credit Card,DEV_8843,Bengaluru,0,7,0,current,0
TX11190,C1016,2026-09-04 01:23:11,10680.04,Wallet,DEV_FRAUD_BURST_99,New York,2,271,0,current,1
TX11169,C1010,2026-09-04 01:23:11,2088.92,Debit Card,DEV_8913,Hyderabad,0,342,0,current,0
TX11107,C1023,2026-09-04 01:31:11,10807.0,Debit Card,DEV_6617,Hyderabad,1,441,0,current,0
TX11121,C1026,2026-09-04 01:31:11,830.14,UPI,DEV_8880,Mumbai,0,835,0,current,0
TX11067,C1027,2026-09-04 01:44:11,3024.98,Netbanking,DEV_1723,Hyderabad,0,354,0,current,0
TX11145,C1024,2026-09-04 01:46:11,777.2,UPI,DEV_8843,Bengaluru,0,7,0,current,0
TX11073,C1017,2026-09-04 01:48:11,957.0,Wallet,DEV_1278,Ahmedabad,0,64,0,current,0
TX11156,C1030,2026-09-04 01:50:11,4710.4,Wallet,DEV_1290,Delhi,0,899,0,current,0
TX11135,C1009,2026-09-04 01:57:11,2015.73,Wallet,DEV_8224,Jaipur,0,378,0,current,0
TX11116,C1012,2026-09-04 02:03:11,4637.11,Wallet,DEV_5639,Jaipur,0,502,0,current,0
TX11103,C1032,2026-09-04 02:16:11,5561.99,Wallet,DEV_2930,Mumbai,0,664,0,current,0
TX11082,C1019,2026-09-04 02:22:11,2383.73,Credit Card,DEV_7103,Jaipur,1,744,0,current,0
TX11151,C1031,2026-09-04 02:45:11,5076.47,Netbanking,DEV_5393,Bengaluru,1,324,0,current,0
TX11149,C1013,2026-09-04 02:51:11,6560.02,UPI,DEV_9123,Hyderabad,0,538,0,current,0
TX11071,C1023,2026-09-04 02:53:11,5577.06,Debit Card,DEV_6617,Hyderabad,0,441,0,current,0
TX11170,C1041,2026-09-04 03:05:11,2316.83,Netbanking,DEV_7952,Mumbai,1,341,0,current,0
TX11186,C1009,2026-09-04 03:05:11,2524.95,Wallet,DEV_2768,Jaipur,0,378,0,current,0
TX11189,C1018,2026-09-04 03:06:11,2766.78,Wallet,DEV_9112,Mumbai,0,797,0,current,0
TX11127,C1038,2026-09-04 03:06:11,409.14,Debit Card,DEV_7012,Ahmedabad,0,396,0,current,0
TX11060,C1045,2026-09-04 03:13:11,4202.35,Netbanking,DEV_1995,Delhi,0,560,0,current,0
TX11150,C1002,2026-09-04 03:16:11,2685.93,Debit Card,DEV_9903,Gurugram,0,446,0,current,0
TX11173,C1035,2026-09-04 03:29:11,6444.21,Debit Card,DEV_2056,Pune,0,31,0,current,0
TX11144,C1002,2026-09-04 03:42:11,2021.02,Wallet,DEV_4276,Gurugram,0,446,0,current,0
TX11125,C1042,2026-09-04 03:48:11,2619.9,Debit Card,DEV_2564,Bengaluru,0,750,0,current,0
TX11192,C1009,2026-09-04 04:07:11,4333.2,Wallet,DEV_9168,Jaipur,0,378,0,current,0
TX11117,C1029,2026-09-04 04:12:11,1063.89,UPI,DEV_8010,Chennai,0,639,0,current,0
TX11196,C1001,2026-09-04 04:16:11,1072.33,Wallet,DEV_1626,Pune,0,281,0,current,0
TX11182,C1034,2026-09-04 04:30:11,4404.6,Credit Card,DEV_9033,Mumbai,0,577,0,current,0
TX11166,C1012,2026-09-04 04:45:11,1925.67,UPI,DEV_5639,Ahmedabad,0,502,0,current,0
TX11177,C1027,2026-09-04 04:46:11,43997.75,Credit Card,DEV_5310,Hyderabad,3,354,0,current,1
TX11112,C1032,2026-09-04 05:09:11,1498.6,Netbanking,DEV_8224,Mumbai,0,664,0,current,0
TX11104,C1004,2026-09-04 05:20:11,8967.95,Wallet,DEV_9168,Chennai,0,135,0,current,0
TX11070,C1018,2026-09-04 05:46:11,1209.75,Debit Card,DEV_5498,Mumbai,0,797,0,current,0
TX11063,C1036,2026-09-04 05:50:11,4659.34,UPI,DEV_2390,Mumbai,1,647,0,current,0
TX11124,C1046,2026-09-04 05:57:11,893.58,UPI,DEV_8616,Noida,0,94,0,current,0
TX11089,C1002,2026-09-04 06:03:11,3149.32,UPI,DEV_4276,Gurugram,0,446,0,current,0
TX11056,C1025,2026-09-04 06:13:11,3308.01,UPI,DEV_9033,Noida,0,679,0,current,0
TX11064,C1020,2026-09-04 06:15:11,696.0,Debit Card,DEV_5498,Chennai,0,172,0,current,0
TX11148,C1000,2026-09-04 06:15:11,2175.17,Netbanking,DEV_6617,Gurugram,0,874,0,current,0
TX11101,C1020,2026-09-04 06:18:11,1367.61,Credit Card,DEV_5498,Chennai,0,172,0,current,0
TX11162,C1004,2026-09-04 06:26:11,5815.26,Wallet,DEV_3824,Chennai,0,135,0,current,0
TX11175,C1011,2026-09-04 06:33:11,6891.98,Netbanking,DEV_3682,Kolkata,0,244,0,current,0
TX11130,C1043,2026-09-04 06:33:11,2926.56,Debit Card,DEV_5498,Delhi,0,374,0,current,0
TX11078,C1033,2026-09-04 06:34:11,8868.52,Wallet,DEV_1842,Bengaluru,0,869,0,current,0
TX10195,C1016,2026-09-04 06:34:11,1482.65,Netbanking,DEV_3788,Ahmedabad,0,271,0,historical,0
TX11153,C1024,2026-09-04 06:39:11,6201.17,Wallet,DEV_8843,Bengaluru,2,7,0,current,1
TX11131,C1028,2026-09-04 06:40:11,4848.65,Debit Card,DEV_9578,Bengaluru,1,16,0,current,0
TX10410,C1002,2026-09-04 06:40:11,6951.61,Wallet,DEV_3682,Gurugram,1,446,0,historical,1
TX11091,C1018,2026-09-04 06:49:11,6635.0,Debit Card,DEV_5498,Mumbai,1,797,0,current,0
TX11188,C1045,2026-09-04 07:04:11,2373.28,Netbanking,DEV_2645,Delhi,0,560,0,current,0
TX11154,C1009,2026-09-04 07:24:11,6159.57,Netbanking,DEV_8224,Jaipur,0,378,0,current,0
TX11080,C1012,2026-09-04 07:27:11,1764.19,Wallet,DEV_5639,Jaipur,0,502,0,current,0
TX11105,C1043,2026-09-04 07:30:11,5390.53,Netbanking,DEV_3788,Hyderabad,3,374,0,current,1
TX11198,C1013,2026-09-04 07:34:11,8923.79,Netbanking,DEV_2056,Hyderabad,0,538,0,current,0
TX11059,C1042,2026-09-04 07:44:11,1799.78,Wallet,DEV_2564,Bengaluru,1,750,0,current,0
TX10521,C1017,2026-09-04 07:47:11,2161.92,Debit Card,DEV_1842,Ahmedabad,3,64,0,historical,1
TX11176,C1006,2026-09-04 07:49:11,2401.17,Wallet,DEV_2390,Noida,0,435,0,current,0
TX11178,C1006,2026-09-04 08:07:11,1892.68,Wallet,DEV_2390,Bengaluru,0,435,0,current,0
TX11102,C1036,2026-09-04 08:21:11,1660.35,Netbanking,DEV_2390,Mumbai,0,647,0,current,0
TX11061,C1042,2026-09-04 08:38:11,2436.0,Netbanking,DEV_2564,Hyderabad,0,750,0,current,0
TX11095,C1006,2026-09-04 08:40:11,4547.5,Wallet,DEV_2390,Bengaluru,0,435,0,current,0
TX11183,C1036,2026-09-04 08:58:11,11874.4,Netbanking,DEV_FRAUD_BURST_99,New York,2,647,0,current,1
TX11120,C1020,2026-09-04 09:00:11,882.68,UPI,DEV_5498,Chennai,0,172,0,current,0
TX11157,C1013,2026-09-04 09:34:11,2748.98,UPI,DEV_9123,Hyderabad,0,538,0,current,0
TX11197,C1001,2026-09-04 09:40:11,2021.62,Netbanking,DEV_2006,Pune,0,281,0,current,0
TX11132,C1013,2026-09-04 09:43:11,20648.87,Debit Card,DEV_FRAUD_BURST_99,New York,2,538,0,current,1
TX11163,C1033,2026-09-04 09:51:11,5581.85,Credit Card,DEV_1842,Bengaluru,0,869,0,current,0
TX10636,C1036,2026-09-04 09:52:11,2156.92,Credit Card,DEV_2390,Mumbai,0,647,0,historical,0
TX11184,C1020,2026-09-04 10:00:11,2671.59,Netbanking,DEV_5498,Chennai,1,172,0,current,0
TX11126,C1025,2026-09-04 10:03:11,1636.07,Debit Card,DEV_9033,Noida,0,679,0,current,0
TX11090,C1016,2026-09-04 10:15:11,2698.47,Netbanking,DEV_5393,Ahmedabad,0,271,0,current,0
TX11075,C1004,2026-09-04 10:19:11,7451.58,Netbanking,DEV_3824,Chennai,0,135,0,current,0
TX11187,C1005,2026-09-04 10:20:11,785.18,Netbanking,DEV_7256,Jaipur,0,481,0,current,0
TX10710,C1016,2026-09-04 10:45:11,1388.88,Netbanking,DEV_3788,Ahmedabad,0,271,0,historical,0
TX11119,C1037,2026-09-04 10:53:11,7186.43,Wallet,DEV_FRAUD_BURST_99,New York,2,613,0,current,1
TX11076,C1008,2026-09-04 11:00:11,6101.15,Credit Card,DEV_8623,Noida,0,402,0,current,0
TX11123,C1018,2026-09-04 11:02:11,3156.87,Netbanking,DEV_5498,Mumbai,0,797,0,current,0
TX11180,C1012,2026-09-04 11:36:11,1662.93,UPI,DEV_5639,Jaipur,0,502,0,current,0
TX11038,C1023,2026-09-04 11:47:11,3643.77,Netbanking,DEV_6617,Hyderabad,0,441,0,historical,0
TX11128,C1027,2026-09-04 11:53:11,14088.24,Debit Card,DEV_5310,Mumbai,1,354,0,current,0
TX11167,C1008,2026-09-04 11:56:11,7434.72,Debit Card,DEV_9033,Noida,0,402,0,current,0
TX11094,C1025,2026-09-04 12:33:11,6368.67,Netbanking,DEV_9033,Noida,1,679,0,current,0
TX11174,C1029,2026-09-04 12:35:11,2128.05,Debit Card,DEV_8010,Kolkata,0,639,0,current,0
TX11068,C1046,2026-09-04 12:43:11,803.9,Netbanking,DEV_8616,Noida,0,94,0,current,0
TX11194,C1033,2026-09-04 13:10:11,5441.61,Credit Card,DEV_1842,Bengaluru,0,869,0,current,0
TX11142,C1022,2026-09-04 13:16:11,641.71,Netbanking,DEV_3551,Chennai,0,346,0,current,0
TX11062,C1035,2026-09-04 13:17:11,46298.87,Debit Card,DEV_FRAUD_BURST_99,London,2,31,0,current,1
TX11122,C1016,2026-09-04 13:17:11,1885.36,Wallet,DEV_3788,Ahmedabad,0,271,0,current,0
TX11185,C1017,2026-09-04 13:22:11,2886.04,Netbanking,DEV_8224,New York,1,64,0,current,1
TX11152,C1016,2026-09-04 13:31:11,2430.29,Netbanking,DEV_4640,Ahmedabad,0,271,0,current,0
TX11074,C1033,2026-09-04 13:35:11,5495.25,UPI,DEV_1842,Bengaluru,0,869,0,current,0
TX11158,C1005,2026-09-04 13:58:11,1633.27,UPI,DEV_7256,Jaipur,0,481,0,current,0
TX11072,C1013,2026-09-04 14:13:11,2271.37,UPI,DEV_9123,Hyderabad,0,538,0,current,0
TX11057,C1034,2026-09-04 14:46:11,1974.9,Credit Card,DEV_9033,Mumbai,0,577,0,current,0
TX11108,C1036,2026-09-04 14:46:11,2929.26,Netbanking,DEV_2390,Mumbai,0,647,0,current,0
TX11171,C1004,2026-09-04 14:49:11,7796.5,Wallet,DEV_3824,Chennai,0,135,0,current,0
TX11164,C1008,2026-09-04 14:58:11,4813.06,Netbanking,DEV_9033,Noida,0,402,0,current,0
TX10187,C1042,2026-09-04 15:01:11,1477.81,Wallet,DEV_2564,Bengaluru,0,750,0,historical,0
TX11136,C1021,2026-09-04 15:10:11,4945.54,Debit Card,DEV_3682,Bengaluru,0,368,0,current,0
TX11113,C1017,2026-09-04 15:26:11,980.16,Netbanking,DEV_1278,Noida,0,64,0,current,0
TX11079,C1011,2026-09-04 15:30:11,5151.28,Netbanking,DEV_9066,Kolkata,0,244,0,current,0
TX11195,C1047,2026-09-04 15:41:11,3095.1,Netbanking,DEV_4137,Gurugram,0,504,0,current,0
TX11165,C1010,2026-09-04 15:50:11,16635.83,Wallet,DEV_5256,London,3,342,0,current,1
TX11139,C1017,2026-09-04 16:03:11,1813.38,UPI,DEV_1278,Ahmedabad,1,64,0,current,0
TX11160,C1027,2026-09-04 16:04:11,3088.16,Wallet,DEV_8610,Gurugram,0,354,0,current,0
TX11092,C1015,2026-09-04 16:14:11,5782.78,Netbanking,DEV_1842,Delhi,0,154,0,current,0
TX11114,C1018,2026-09-04 16:17:11,2944.3,UPI,DEV_5498,Mumbai,0,797,0,current,0
TX11181,C1015,2026-09-04 16:24:11,8579.39,Credit Card,DEV_1842,Jaipur,1,154,0,current,0
TX11058,C1009,2026-09-04 16:29:11,2482.77,Debit Card,DEV_8224,Jaipur,0,378,0,current,0
TX11141,C1017,2026-09-04 16:35:11,730.43,Netbanking,DEV_1278,Ahmedabad,0,64,0,current,0
TX11100,C1040,2026-09-04 16:40:11,34112.37,Credit Card,DEV_5016,New York,2,243,0,current,1
TX11129,C1003,2026-09-04 16:54:11,2559.96,Debit Card,DEV_8883,Delhi,0,741,0,current,0
