transaction_id,customer_id,timestamp,amount,payment_method,device_id,location,failed_attempts,account_age_days,previous_chargebacks,transaction_status,is_fraud
TX10308,C1004,2026-06-06 21:18:55,2370.13,UPI,DEV_5548,Hyderabad,0,313,0,historical,0
TX10426,C1040,2026-06-07 02:00:55,2133.86,Debit Card,DEV_8143,Mumbai,0,423,0,historical,0
TX10396,C1012,2026-06-07 04:00:55,5099.84,Credit Card,DEV_2111,Jaipur,3,720,0,historical,1
TX10405,C1014,2026-06-07 04:26:55,5736.5,UPI,DEV_5128,Chennai,0,488,0,historical,0
TX10433,C1037,2026-06-07 08:17:55,2428.02,Wallet,DEV_2173,Delhi,0,86,1,historical,0
TX10713,C1018,2026-06-07 10:00:55,35593.71,Debit Card,DEV_5754,London,1,151,0,historical,1
TX10947,C1026,2026-06-07 13:20:55,15087.53,Wallet,DEV_4725,Hyderabad,1,545,0,historical,0
TX10769,C1028,2026-06-07 14:53:55,1765.28,Wallet,DEV_6590,Jaipur,0,581,0,historical,0
TX10259,C1008,2026-06-07 17:03:55,4213.64,UPI,DEV_2111,Kolkata,0,428,0,historical,0
TX10628,C1005,2026-06-07 18:29:55,4936.39,Netbanking,DEV_9066,Noida,3,248,2,historical,1
TX10457,C1020,2026-06-07 19:47:55,2457.33,Netbanking,DEV_2201,Jaipur,0,736,0,historical,0
TX10062,C1017,2026-06-07 23:46:55,4685.96,Debit Card,DEV_5637,Gurugram,0,256,0,historical,0
TX10065,C1046,2026-06-08 00:56:55,17395.62,Wallet,DEV_4352,Mumbai,2,596,0,historical,1
TX10151,C1008,2026-06-08 02:59:55,11553.39,Credit Card,DEV_9029,Kolkata,0,428,0,historical,0
TX10421,C1045,2026-06-08 12:22:55,2541.06,Credit Card,DEV_9564,Ahmedabad,0,96,0,historical,0
TX11049,C1026,2026-06-08 13:40:55,7144.32,Netbanking,DEV_4725,Hyderabad,0,545,0,historical,0
TX10991,C1047,2026-06-08 14:11:55,901.32,Wallet,DEV_6951,Chennai,1,96,0,historical,0
TX10458,C1015,2026-06-08 21:19:55,2840.47,Wallet,DEV_4305,Jaipur,0,367,0,historical,0
TX11025,C1029,2026-06-08 23:25:55,6897.66,Netbanking,DEV_5754,Mumbai,1,174,0,historical,0
TX10342,C1035,2026-06-09 00:36:55,4339.41,Wallet,DEV_2201,Kolkata,1,276,0,historical,0
TX10343,C1002,2026-06-09 00:55:55,875.36,Debit Card,DEV_8595,Noida,0,800,0,historical,0
TX10298,C1036,2026-06-09 10:42:55,4685.93,Credit Card,DEV_2676,Jaipur,0,816,0,historical,0
TX10830,C1045,2026-06-09 14:55:55,1054.66,Netbanking,DEV_9564,Ahmedabad,0,96,0,historical,0
TX10351,C1016,2026-06-09 16:34:55,2259.8,Wallet,DEV_7307,Noida,0,580,0,historical,0
TX10280,C1023,2026-06-09 17:30:55,1839.99,UPI,DEV_5433,Gurugram,0,19,1,historical,0
TX10290,C1047,2026-06-09 19:40:55,242.1,UPI,DEV_6951,Chennai,0,96,0,historical,0
TX10409,C1040,2026-06-10 01:07:55,2795.09,Debit Card,DEV_8143,Mumbai,0,423,0,historical,0
TX10849,C1038,2026-06-10 04:37:55,4431.83,Netbanking,DEV_6245,Chennai,0,429,0,historical,0
TX10929,C1041,2026-06-10 05:03:55,14567.91,Debit Card,DEV_3216,Kolkata,1,798,0,historical,0
TX10803,C1005,2026-06-10 07:32:55,14355.06,Netbanking,DEV_9840,Noida,2,248,2,historical,1
TX10762,C1036,2026-06-10 11:03:55,21940.71,Wallet,DEV_6590,London,3,816,0,historical,1
TX10816,C1023,2026-06-10 13:29:55,708.46,Credit Card,DEV_5433,Gurugram,0,19,1,historical,0
TX10860,C1014,2026-06-10 13:43:55,8169.85,Netbanking,DEV_5128,Chennai,0,488,0,historical,0
TX10401,C1045,2026-06-10 13:52:55,15688.36,Wallet,DEV_9564,Ahmedabad,5,96,0,historical,1
TX10911,C1043,2026-06-10 15:30:55,19430.95,UPI,DEV_9701,Ahmedabad,4,569,0,historical,1
TX10801,C1020,2026-06-10 18:42:55,3797.41,Wallet,DEV_2201,Jaipur,1,736,0,historical,0
TX10281,C1043,2026-06-10 19:04:55,3615.07,Netbanking,DEV_3890,Gurugram,0,569,0,historical,0
TX10846,C1019,2026-06-10 19:18:55,3599.72,UPI,DEV_3905,Noida,0,740,0,historical,0
TX10668,C1003,2026-06-10 19:23:55,3750.75,Netbanking,DEV_1774,Hyderabad,0,34,0,historical,0
TX10650,C1029,2026-06-10 19:34:55,4743.07,Wallet,DEV_5754,Mumbai,0,174,0,historical,0
TX11019,C1023,2026-06-10 19:47:55,1977.35,Debit Card,DEV_5433,Gurugram,0,19,1,historical,0
TX10393,C1019,2026-06-10 20:47:55,1349.64,Credit Card,DEV_4629,Noida,0,740,0,historical,0
TX10824,C1003,2026-06-10 21:57:55,6415.7,Netbanking,DEV_1774,Hyderabad,0,34,0,historical,0
TX10993,C1030,2026-06-10 23:45:55,844.9,Netbanking,DEV_1491,Chennai,0,681,0,historical,0
TX10810,C1038,2026-06-10 23:53:55,3795.16,Wallet,DEV_6245,Chennai,0,429,0,historical,0
TX10097,C1029,2026-06-11 00:49:55,2147.55,Credit Card,DEV_5754,Mumbai,0,174,0,historical,0
TX10684,C1040,2026-06-11 02:14:55,2753.68,Credit Card,DEV_8143,Mumbai,0,423,0,historical,0
TX10079,C1043,2026-06-11 02:41:55,3593.21,Debit Card,DEV_9701,Ahmedabad,0,569,0,historical,0
TX10371,C1008,2026-06-11 07:21:55,15685.75,Wallet,DEV_8355,Kolkata,2,428,0,historical,1
TX10892,C1027,2026-06-11 08:26:55,3534.58,Netbanking,DEV_5616,Pune,0,842,0,historical,0
TX10461,C1003,2026-06-11 09:20:55,6780.46,Debit Card,DEV_1774,Hyderabad,0,34,0,historical,0
TX10786,C1015,2026-06-11 11:31:55,11929.55,Credit Card,DEV_4848,Jaipur,0,367,0,historical,0
TX10530,C1036,2026-06-11 14:21:55,30599.81,Wallet,DEV_8839,Jaipur,5,816,0,historical,1
TX10759,C1021,2026-06-11 17:33:55,1102.23,Debit Card,DEV_5433,Pune,0,457,0,historical,0
TX10341,C1042,2026-06-11 18:58:55,4140.89,Netbanking,DEV_6487,Jaipur,0,314,0,historical,0
TX11033,C1001,2026-06-11 22:17:55,2298.14,Debit Card,DEV_6689,Kolkata,0,590,0,historical,0
TX10299,C1001,2026-06-11 23:04:55,4663.55,Netbanking,DEV_6689,Kolkata,1,590,0,historical,0
TX10586,C1004,2026-06-11 23:16:55,2094.87,Netbanking,DEV_5548,Hyderabad,0,313,0,historical,0
TX10428,C1006,2026-06-12 00:16:55,4051.87,Debit Card,DEV_1286,Bengaluru,0,12,0,historical,0
TX10318,C1009,2026-06-12 01:18:55,4808.16,Wallet,DEV_3066,Kolkata,0,513,0,historical,0
TX10203,C1029,2026-06-12 03:10:55,3109.79,Netbanking,DEV_5754,Mumbai,0,174,0,historical,0
TX11023,C1008,2026-06-12 04:48:55,10146.43,Netbanking,DEV_5076,Kolkata,0,428,0,historical,0
TX10551,C1024,2026-06-12 05:11:55,2818.51,Wallet,DEV_3340,Delhi,0,85,0,historical,0
TX10831,C1029,2026-06-12 09:30:55,8217.33,UPI,DEV_5754,Mumbai,1,174,0,historical,0
TX10805,C1020,2026-06-12 10:23:55,3905.46,Debit Card,DEV_2201,Jaipur,0,736,0,historical,0
TX10052,C1024,2026-06-12 10:28:55,3043.55,Wallet,DEV_6245,Delhi,0,85,0,historical,0
TX10666,C1030,2026-06-12 15:34:55,1884.49,Netbanking,DEV_7236,Chennai,0,681,0,historical,0
TX10927,C1031,2026-06-12 16:33:55,577.62,Credit Card,DEV_7645,Pune,0,598,0,historical,0
TX10557,C1037,2026-06-12 16:59:55,1465.85,Credit Card,DEV_2173,Delhi,0,86,1,historical,0
TX10499,C1004,2026-06-12 17:18:55,2732.08,Credit Card,DEV_5548,Hyderabad,0,313,0,historical,0
TX10253,C1019,2026-06-12 18:29:55,9743.11,Debit Card,DEV_6558,London,1,740,0,historical,1
TX10872,C1035,2026-06-12 19:33:55,12541.02,Credit Card,DEV_2201,Kolkata,1,276,0,historical,0
TX10567,C1036,2026-06-12 20:48:55,6335.06,UPI,DEV_8839,Jaipur,0,816,0,historical,0
TX10656,C1004,2026-06-12 23:04:55,3585.21,UPI,DEV_5548,Hyderabad,0,313,0,historical,0
TX10854,C1021,2026-06-12 23:51:55,1080.28,Credit Card,DEV_5433,Pune,0,457,0,historical,0
TX10784,C1008,2026-06-13 03:06:55,9195.5,Credit Card,DEV_5076,Kolkata,0,428,0,historical,0
TX10402,C1020,2026-06-13 03:08:55,14424.43,Credit Card,DEV_FRAUD_BURST_99,London,2,736,0,historical,1
TX10482,C1038,2026-06-13 03:42:55,9698.28,UPI,DEV_6245,Chennai,0,429,0,historical,0
TX10068,C1029,2026-06-13 05:24:55,2441.21,Netbanking,DEV_5754,Mumbai,0,174,0,historical,0
TX10782,C1001,2026-06-13 05:31:55,2815.46,Debit Card,DEV_6689,Kolkata,0,590,0,historical,0
TX10447,C1026,2026-06-13 11:22:55,3752.77,Netbanking,DEV_4725,Hyderabad,0,545,0,historical,0
TX10356,C1042,2026-06-13 12:46:55,42410.98,Netbanking,DEV_6487,Jaipur,4,314,0,historical,1
TX10002,C1043,2026-06-13 13:54:55,2923.55,UPI,DEV_9701,Ahmedabad,0,569,0,historical,0
TX10533,C1022,2026-06-13 15:04:55,1634.82,Wallet,DEV_9840,Delhi,0,456,0,historical,0
TX10103,C1042,2026-06-13 23:15:55,6442.05,Credit Card,DEV_6487,Jaipur,0,314,0,historical,0
TX10047,C1001,2026-06-14 07:21:55,7739.2,Credit Card,DEV_7645,Kolkata,2,590,0,historical,1
TX10214,C1018,2026-06-14 08:45:55,5325.78,Debit Card,DEV_3085,Chennai,0,151,0,historical,0
TX10680,C1009,2026-06-14 09:31:55,3287.88,UPI,DEV_3066,Kolkata,0,513,0,historical,0
TX10170,C1022,2026-06-14 10:06:55,3611.48,Credit Card,DEV_9840,Delhi,1,456,0,historical,0
TX10144,C1021,2026-06-14 17:00:55,1659.87,Debit Card,DEV_5433,Pune,0,457,0,historical,0
TX10945,C1032,2026-06-14 17:18:55,467.28,Wallet,DEV_3122,Ahmedabad,0,564,0,historical,0
TX10809,C1039,2026-06-14 19:02:55,1726.89,UPI,DEV_3122,Ahmedabad,0,92,0,historical,0
TX10172,C1013,2026-06-14 22:08:55,1430.67,Wallet,DEV_5358,Noida,0,616,0,historical,0
TX10708,C1035,2026-06-14 22:34:55,3530.09,Credit Card,DEV_2201,Kolkata,0,276,0,historical,0
TX10247,C1024,2026-06-14 22:57:55,2132.5,Wallet,DEV_6245,Delhi,0,85,0,historical,0
TX10327,C1026,2026-06-15 00:26:55,9787.93,Wallet,DEV_4725,Hyderabad,0,545,0,historical,0
TX10271,C1020,2026-06-15 02:06:55,5831.36,Credit Card,DEV_2201,Jaipur,1,736,0,historical,0
TX10329,C1011,2026-06-15 03:20:55,3291.28,Debit Card,DEV_2374,Pune,0,71,1,historical,0
TX10766,C1001,2026-06-15 05:43:55,2962.64,Credit Card,DEV_6689,Kolkata,0,590,0,historical,0
TX10274,C1035,2026-06-15 10:51:55,2671.05,Netbanking,DEV_2201,Kolkata,0,276,0,historical,0
TX10236,C1014,2026-06-15 11:43:55,3423.21,Netbanking,DEV_5128,Hyderabad,0,488,0,historical,0
TX10360,C1005,2026-06-15 12:41:55,2701.43,Wallet,DEV_9840,Noida,0,248,2,historical,0
TX10285,C1015,2026-06-15 15:03:55,29430.03,Debit Card,DEV_6420,London,3,367,0,historical,1
TX10158,C1017,2026-06-15 18:38:55,4734.02,Netbanking,DEV_5637,Gurugram,0,256,0,historical,0
TX10407,C1010,2026-06-15 19:06:55,1664.68,Debit Card,DEV_5009,Delhi,0,370,0,historical,0
TX10960,C1026,2026-06-15 20:48:55,13114.66,Netbanking,DEV_4725,Jaipur,1,545,0,historical,0
TX10070,C1043,2026-06-15 22:17:55,6002.13,Netbanking,DEV_9701,Ahmedabad,1,569,0,historical,0
TX10923,C1008,2026-06-15 23:00:55,4095.57,Wallet,DEV_5076,Kolkata,0,428,0,historical,0
TX10119,C1041,2026-06-15 23:46:55,4672.34,Wallet,DEV_3216,Kolkata,0,798,0,historical,0
TX10507,C1044,2026-06-16 03:17:55,3228.39,Netbanking,DEV_1238,Pune,0,527,0,historical,0
TX10623,C1007,2026-06-16 05:41:55,602.38,Netbanking,DEV_3178,Pune,0,450,0,historical,0
TX10059,C1010,2026-06-16 07:41:55,8857.11,Netbanking,DEV_FRAUD_BURST_99,New York,2,370,0,historical,1
TX10296,C1045,2026-06-16 07:56:55,1337.1,Wallet,DEV_9564,Ahmedabad,0,96,0,historical,0
TX10305,C1009,2026-06-16 08:29:55,4312.72,Credit Card,DEV_2808,Kolkata,0,513,0,historical,0
TX10315,C1015,2026-06-16 10:13:55,18383.5,Credit Card,DEV_1440,Jaipur,2,367,0,historical,1
TX10996,C1000,2026-06-16 12:58:55,2219.7,Netbanking,DEV_5637,Ahmedabad,0,481,0,historical,0
TX10550,C1013,2026-06-16 13:58:55,1266.73,Credit Card,DEV_3905,Noida,0,616,0,historical,0
TX10037,C1022,2026-06-16 16:56:55,1855.48,Netbanking,DEV_9840,Delhi,0,456,0,historical,0
TX11046,C1046,2026-06-16 17:42:55,2096.16,Debit Card,DEV_4352,Mumbai,0,596,0,historical,0
TX10606,C1044,2026-06-16 17:49:55,5360.65,Debit Card,DEV_1238,Pune,0,527,0,historical,0
TX10230,C1043,2026-06-16 22:02:55,4508.98,Netbanking,DEV_9701,Ahmedabad,0,569,0,historical,0
TX10876,C1003,2026-06-16 22:59:55,6915.53,Netbanking,DEV_1774,Hyderabad,0,34,0,historical,0
TX10703,C1033,2026-06-16 23:26:55,2466.7,UPI,DEV_2173,Delhi,1,888,0,historical,0
TX10264,C1002,2026-06-17 04:49:55,1759.0,UPI,DEV_8595,Chennai,1,800,0,historical,0
TX10431,C1038,2026-06-17 05:13:55,45917.58,Netbanking,DEV_6245,Chennai,4,429,0,historical,1
TX10032,C1043,2026-06-17 10:05:55,2828.62,Debit Card,DEV_9701,Ahmedabad,0,569,0,historical,0
TX11012,C1000,2026-06-17 10:14:55,1587.98,UPI,DEV_5637,Ahmedabad,0,481,0,historical,0
TX10191,C1010,2026-06-17 12:37:55,1612.55,Netbanking,DEV_5009,Delhi,0,370,0,historical,0
TX10397,C1029,2026-06-17 16:28:55,3807.12,Wallet,DEV_5754,Mumbai,0,174,0,historical,0
TX10135,C1016,2026-06-17 16:48:55,5479.2,Wallet,DEV_4981,Noida,1,580,0,historical,0
TX10104,C1005,2026-06-17 17:56:55,3621.0,Netbanking,DEV_9840,Gurugram,1,248,2,historical,0
TX10832,C1002,2026-06-17 22:05:55,1130.1,Netbanking,DEV_8595,Noida,0,800,0,historical,0
TX10665,C1018,2026-06-17 22:14:55,7641.11,Wallet,DEV_3085,Chennai,0,151,0,historical,0
TX10136,C1036,2026-06-17 23:47:55,5065.16,Netbanking,DEV_8839,Jaipur,0,816,0,historical,0
TX10349,C1012,2026-06-18 00:15:55,1121.13,Credit Card,DEV_4473,Jaipur,0,720,0,historical,0
TX10157,C1001,2026-06-18 00:57:55,4012.44,Netbanking,DEV_6689,Kolkata,0,590,0,historical,0
TX10950,C1036,2026-06-18 01:13:55,2195.19,UPI,DEV_8839,Jaipur,0,816,0,historical,0
TX10855,C1042,2026-06-18 03:29:55,9833.61,Wallet,DEV_6487,Jaipur,0,314,0,historical,0
TX10489,C1037,2026-06-18 04:46:55,3479.39,Debit Card,DEV_2173,Delhi,0,86,1,historical,0
TX10229,C1041,2026-06-18 06:04:55,23862.27,Debit Card,DEV_8143,New York,2,798,0,historical,1
TX10734,C1005,2026-06-18 06:54:55,1153.17,Netbanking,DEV_9840,Noida,0,248,2,historical,0
TX11026,C1019,2026-06-18 10:48:55,1796.69,Debit Card,DEV_4629,Noida,0,740,0,historical,0
TX10532,C1027,2026-06-18 11:44:55,21182.01,Credit Card,DEV_5616,Pune,1,842,0,historical,0
TX10141,C1041,2026-06-18 13:32:55,7715.72,UPI,DEV_3216,Kolkata,0,798,0,historical,0
TX10711,C1016,2026-06-18 14:57:55,5800.4,UPI,DEV_4981,Noida,0,580,0,historical,0
TX10704,C1018,2026-06-18 15:08:55,9932.34,Wallet,DEV_3085,Pune,1,151,0,historical,0
TX10526,C1037,2026-06-18 16:06:55,3834.92,Netbanking,DEV_2173,Delhi,0,86,1,historical,0
TX10517,C1036,2026-06-18 17:08:55,19738.9,UPI,DEV_FRAUD_BURST_99,New York,2,816,0,historical,1
TX10441,C1038,2026-06-18 18:23:55,8133.12,Credit Card,DEV_8310,Chennai,0,429,0,historical,0
TX10851,C1027,2026-06-18 18:59:55,9668.12,Netbanking,DEV_3216,Pune,0,842,0,historical,0
TX10216,C1047,2026-06-18 21:37:55,1231.61,Wallet,DEV_1491,Chennai,2,96,0,historical,1
TX10322,C1029,2026-06-18 23:26:55,1487.71,UPI,DEV_5754,Mumbai,0,174,0,historical,0
TX10344,C1024,2026-06-19 00:31:55,3918.74,Netbanking,DEV_6245,Delhi,0,85,0,historical,0
TX10544,C1012,2026-06-19 02:27:55,1668.26,Netbanking,DEV_2111,Jaipur,1,720,0,historical,0
TX10419,C1036,2026-06-19 02:35:55,4037.49,Debit Card,DEV_8839,Jaipur,0,816,0,historical,0
TX10420,C1045,2026-06-19 07:45:55,6245.03,UPI,DEV_9564,Ahmedabad,1,96,0,historical,0
TX10324,C1045,2026-06-19 09:21:55,2480.79,UPI,DEV_7802,Ahmedabad,0,96,0,historical,0
TX10543,C1044,2026-06-19 10:12:55,3931.28,Wallet,DEV_1238,Pune,0,527,0,historical,0
TX10075,C1031,2026-06-19 10:26:55,1195.02,Wallet,DEV_7645,Pune,0,598,0,historical,0
TX10039,C1032,2026-06-19 11:14:55,490.39,Debit Card,DEV_9485,Ahmedabad,0,564,0,historical,0
TX11036,C1032,2026-06-19 13:18:55,1879.01,Wallet,DEV_6689,Ahmedabad,3,564,0,historical,1
TX10490,C1031,2026-06-19 16:28:55,1243.29,Debit Card,DEV_7645,Pune,0,598,0,historical,0
TX10258,C1043,2026-06-19 17:47:55,4630.26,Debit Card,DEV_9701,Chennai,0,569,0,historical,0
TX10154,C1018,2026-06-19 18:03:55,2409.27,Netbanking,DEV_3085,Chennai,0,151,0,historical,0
TX10186,C1026,2026-06-19 20:21:55,9222.55,Debit Card,DEV_4725,Hyderabad,0,545,0,historical,0
TX10539,C1006,2026-06-19 21:18:55,3365.49,Wallet,DEV_2376,Bengaluru,1,12,0,historical,0
TX10865,C1037,2026-06-19 23:47:55,2176.12,Credit Card,DEV_2173,Delhi,0,86,1,historical,0
TX10197,C1036,2026-06-20 02:27:55,6500.88,UPI,DEV_8839,Jaipur,0,816,0,historical,0
TX10902,C1009,2026-06-20 02:32:55,3243.47,Wallet,DEV_3066,Kolkata,0,513,0,historical,0
TX10922,C1017,2026-06-20 03:28:55,3960.05,Credit Card,DEV_5637,Gurugram,0,256,0,historical,0
TX10686,C1046,2026-06-20 04:57:55,1609.22,Netbanking,DEV_4352,Mumbai,0,596,0,historical,0
TX10563,C1019,2026-06-20 06:02:55,1912.47,Debit Card,DEV_4629,Noida,0,740,0,historical,0
TX11009,C1003,2026-06-20 09:37:55,4523.28,Credit Card,DEV_1774,Hyderabad,1,34,0,historical,0
TX10306,C1043,2026-06-20 14:46:55,5179.06,Netbanking,DEV_9701,Ahmedabad,0,569,0,historical,0
TX10946,C1021,2026-06-20 16:22:55,1764.47,Credit Card,DEV_5433,Pune,1,457,0,historical,0
TX10720,C1044,2026-06-20 16:26:55,2062.73,Debit Card,DEV_1238,Pune,0,527,0,historical,0
TX10411,C1016,2026-06-20 16:51:55,6650.4,Netbanking,DEV_4624,Noida,0,580,0,historical,0
TX10352,C1011,2026-06-20 18:00:55,2374.21,Credit Card,DEV_2374,Pune,0,71,1,historical,0
TX10218,C1047,2026-06-20 18:55:55,188.71,Debit Card,DEV_6951,Chennai,0,96,0,historical,0
TX10790,C1033,2026-06-20 21:33:55,5061.52,Debit Card,DEV_2173,Delhi,0,888,0,historical,0
TX10560,C1010,2026-06-21 01:52:55,2822.25,UPI,DEV_8839,Delhi,0,370,0,historical,0
TX10900,C1003,2026-06-21 02:04:55,6190.68,UPI,DEV_1774,Hyderabad,0,34,0,historical,0
TX10359,C1000,2026-06-21 02:30:55,1499.15,UPI,DEV_5637,Ahmedabad,0,481,0,historical,0
TX11034,C1027,2026-06-21 03:17:55,3078.95,Wallet,DEV_5616,Pune,0,842,0,historical,0
TX10469,C1022,2026-06-21 08:05:55,1169.36,Debit Card,DEV_9840,Bengaluru,0,456,0,historical,0
TX10961,C1042,2026-06-21 09:54:55,6616.13,Debit Card,DEV_6487,Jaipur,0,314,0,historical,0
TX10445,C1009,2026-06-21 19:01:55,6686.38,Netbanking,DEV_3066,Kolkata,0,513,0,historical,0
TX10115,C1029,2026-06-22 04:49:55,4610.72,Debit Card,DEV_5754,Mumbai,0,174,0,historical,0
TX10615,C1033,2026-06-22 06:07:55,5246.12,UPI,DEV_2173,Delhi,0,888,0,historical,0
TX10355,C1019,2026-06-22 06:38:55,1861.88,Wallet,DEV_4629,Noida,0,740,0,historical,0
TX10630,C1016,2026-06-22 08:23:55,2770.21,Credit Card,DEV_6245,Noida,0,580,0,historical,0
TX10894,C1005,2026-06-22 08:42:55,928.78,Debit Card,DEV_5009,Noida,0,248,2,historical,0
TX10737,C1006,2026-06-22 08:51:55,3132.47,Wallet,DEV_2376,Noida,0,12,0,historical,0
TX10536,C1016,2026-06-22 09:57:55,11946.84,Wallet,DEV_6481,Noida,1,580,0,historical,1
TX10046,C1044,2026-06-22 11:32:55,4877.26,UPI,DEV_2242,Pune,0,527,0,historical,0
TX10121,C1008,2026-06-22 11:58:55,4853.55,Debit Card,DEV_4016,Kolkata,0,428,0,historical,0
TX10149,C1020,2026-06-22 12:12:55,7536.11,Credit Card,DEV_2201,Jaipur,1,736,0,historical,0
TX10152,C1047,2026-06-22 12:42:55,362.42,Netbanking,DEV_6951,Chennai,0,96,0,historical,0
TX10601,C1023,2026-06-22 12:54:55,1757.36,Credit Card,DEV_5433,Gurugram,0,19,1,historical,0
TX10485,C1030,2026-06-22 13:19:55,1990.71,Credit Card,DEV_1491,Chennai,0,681,0,historical,0
TX10251,C1040,2026-06-22 23:00:55,2697.98,Wallet,DEV_8143,Mumbai,0,423,0,historical,0
TX10367,C1020,2026-06-23 00:09:55,1996.86,UPI,DEV_2201,Jaipur,0,736,0,historical,0
TX10338,C1014,2026-06-23 00:55:55,6890.15,Debit Card,DEV_5128,Chennai,0,488,0,historical,0
TX10464,C1017,2026-06-23 01:03:55,8102.78,Credit Card,DEV_4352,Gurugram,0,256,0,historical,0
TX10850,C1002,2026-06-23 01:51:55,445.02,Wallet,DEV_8595,Noida,0,800,0,historical,0
TX10700,C1012,2026-06-23 04:55:55,589.61,Netbanking,DEV_2111,Jaipur,0,720,0,historical,0
TX10031,C1036,2026-06-23 07:04:55,8119.03,Debit Card,DEV_8839,Delhi,1,816,0,historical,0
TX10856,C1034,2026-06-23 08:26:55,5991.53,Debit Card,DEV_1774,Mumbai,0,193,0,historical,0
TX10600,C1027,2026-06-23 12:07:55,7471.31,Credit Card,DEV_5616,Pune,0,842,0,historical,0
TX10514,C1020,2026-06-23 13:02:55,6260.64,Wallet,DEV_2201,Jaipur,1,736,0,historical,0
TX10663,C1007,2026-06-23 15:04:55,891.62,Wallet,DEV_1843,Pune,0,450,0,historical,0
TX10471,C1034,2026-06-23 16:26:55,2643.69,Netbanking,DEV_4473,Mumbai,0,193,0,historical,0
TX10171,C1026,2026-06-23 17:48:55,4256.93,Debit Card,DEV_4725,Hyderabad,0,545,0,historical,0
TX10321,C1018,2026-06-23 19:48:55,17054.03,Wallet,DEV_FRAUD_BURST_99,London,2,151,0,historical,1
TX10488,C1006,2026-06-23 19:50:55,14795.62,Credit Card,DEV_FRAUD_BURST_99,New York,2,12,0,historical,1
TX10054,C1032,2026-06-23 20:05:55,518.18,Netbanking,DEV_9485,Gurugram,0,564,0,historical,0
TX10977,C1036,2026-06-23 23:46:55,6383.09,Credit Card,DEV_3085,Jaipur,0,816,0,historical,0
TX10193,C1004,2026-06-24 03:58:55,2186.23,Wallet,DEV_5548,Hyderabad,0,313,0,historical,0
TX10881,C1017,2026-06-24 05:31:55,5056.22,Credit Card,DEV_5637,Gurugram,0,256,0,historical,0
TX10688,C1014,2026-06-24 07:08:55,3262.77,UPI,DEV_5128,Chennai,0,488,0,historical,0
TX10262,C1041,2026-06-24 07:42:55,6750.99,Wallet,DEV_2173,Kolkata,0,798,0,historical,0
TX10260,C1003,2026-06-24 08:04:55,5761.67,UPI,DEV_1774,Hyderabad,0,34,0,historical,0
TX10375,C1017,2026-06-24 08:40:55,6109.05,Netbanking,DEV_2242,Gurugram,0,256,0,historical,0
TX10718,C1018,2026-06-24 10:21:55,6167.36,Debit Card,DEV_3066,Chennai,0,151,0,historical,0
TX10794,C1001,2026-06-24 11:18:55,10316.39,Credit Card,DEV_6689,Kolkata,1,590,0,historical,0
TX10140,C1016,2026-06-24 12:46:55,5890.08,Credit Card,DEV_4981,Noida,0,580,0,historical,0
TX10572,C1019,2026-06-24 14:02:55,908.26,Credit Card,DEV_4629,Delhi,0,740,0,historical,0
TX10941,C1021,2026-06-24 14:56:55,765.63,UPI,DEV_5433,Pune,0,457,0,historical,0
TX10444,C1034,2026-06-24 17:36:55,7628.38,Wallet,DEV_1774,Mumbai,0,193,0,historical,0
TX10502,C1027,2026-06-24 17:38:55,38197.29,Netbanking,DEV_8839,London,3,842,0,historical,1
TX10312,C1005,2026-06-24 21:47:55,13828.26,Credit Card,DEV_9840,Noida,3,248,2,historical,1
TX10096,C1037,2026-06-24 23:31:55,2037.17,Credit Card,DEV_2173,Delhi,0,86,1,historical,0
TX10345,C1001,2026-06-25 06:17:55,3229.15,Wallet,DEV_6689,Kolkata,0,590,0,historical,0
TX10723,C1022,2026-06-25 11:36:55,1931.74,Wallet,DEV_9840,Delhi,1,456,0,historical,0
TX10555,C1011,2026-06-25 13:28:55,10122.55,UPI,DEV_2374,Pune,2,71,1,historical,1
TX10779,C1012,2026-06-25 17:51:55,1057.32,Wallet,DEV_4629,Jaipur,0,720,0,historical,0
TX10000,C1046,2026-06-25 23:42:55,2350.57,UPI,DEV_4352,Mumbai,0,596,0,historical,0
TX10435,C1012,2026-06-25 23:56:55,775.1,Wallet,DEV_2111,Jaipur,0,720,0,historical,0
TX10436,C1022,2026-06-26 04:51:55,897.69,Credit Card,DEV_9840,Delhi,0,456,0,historical,0
TX10267,C1015,2026-06-26 06:33:55,19027.28,Wallet,DEV_FRAUD_BURST_99,New York,2,367,0,historical,1
TX10310,C1023,2026-06-26 06:39:55,8657.95,Debit Card,DEV_5433,Gurugram,4,19,1,historical,1
TX10364,C1015,2026-06-26 11:05:55,51075.83,UPI,DEV_4305,Jaipur,4,367,0,historical,1
TX10813,C1000,2026-06-26 11:42:55,929.92,UPI,DEV_8627,Ahmedabad,0,481,0,historical,0
TX10210,C1009,2026-06-26 19:03:55,9505.62,Debit Card,DEV_3066,Kolkata,0,513,0,historical,0
TX11014,C1018,2026-06-26 19:15:55,3284.88,UPI,DEV_3085,Chennai,0,151,0,historical,0
TX10773,C1025,2026-06-26 23:15:55,4664.2,Debit Card,DEV_5358,Pune,1,779,0,historical,0
TX10740,C1047,2026-06-27 03:15:55,298.73,Wallet,DEV_6951,Chennai,0,96,0,historical,0
TX11040,C1018,2026-06-27 03:25:55,4084.6,Credit Card,DEV_3085,Chennai,0,151,0,historical,0
TX10095,C1019,2026-06-27 05:32:55,1378.28,UPI,DEV_4629,Noida,0,740,0,historical,0
TX10640,C1022,2026-06-27 06:11:55,1483.73,UPI,DEV_9840,Delhi,0,456,0,historical,0
TX10963,C1010,2026-06-27 07:24:55,2065.73,Debit Card,DEV_5009,Delhi,0,370,0,historical,0
TX10873,C1023,2026-06-27 09:49:55,1627.66,Wallet,DEV_5433,Gurugram,0,19,1,historical,0
TX10114,C1046,2026-06-27 10:36:55,15146.36,Wallet,DEV_FRAUD_BURST_99,New York,2,596,0,historical,1
TX10069,C1030,2026-06-27 11:42:55,1586.9,Debit Card,DEV_1491,Chennai,1,681,0,historical,0
TX10304,C1004,2026-06-27 12:17:55,3349.91,Debit Card,DEV_5548,Hyderabad,0,313,0,historical,0
TX10493,C1003,2026-06-27 13:18:55,4200.73,Debit Card,DEV_1774,Hyderabad,0,34,0,historical,0
TX10958,C1042,2026-06-27 15:15:55,34789.99,Netbanking,DEV_2608,London,4,314,0,historical,1
TX10647,C1028,2026-06-27 17:19:55,6497.94,Netbanking,DEV_FRAUD_BURST_99,London,2,581,0,historical,1
TX10131,C1044,2026-06-27 22:07:55,2488.94,Credit Card,DEV_1238,Pune,0,527,0,historical,0
TX10016,C1019,2026-06-27 23:18:55,2140.56,Credit Card,DEV_4629,Noida,0,740,0,historical,0
TX11008,C1001,2026-06-28 02:28:55,3756.55,Credit Card,DEV_6689,Mumbai,0,590,0,historical,0
TX10513,C1037,2026-06-28 03:04:55,15013.03,Netbanking,DEV_FRAUD_BURST_99,New York,2,86,1,historical,1
TX10139,C1004,2026-06-28 04:41:55,3938.6,Wallet,DEV_5548,Noida,1,313,0,historical,0
TX10076,C1003,2026-06-28 06:46:55,6696.85,Debit Card,DEV_1774,Hyderabad,0,34,0,historical,0
TX10289,C1003,2026-06-28 11:22:55,13914.58,Wallet,DEV_1774,Hyderabad,1,34,0,historical,0
TX10707,C1019,2026-06-28 13:08:55,1595.43,Credit Card,DEV_4629,Noida,0,740,0,historical,0
TX10180,C1034,2026-06-28 13:35:55,3134.05,Netbanking,DEV_1774,Mumbai,0,193,0,historical,0
TX10014,C1026,2026-06-28 20:48:55,52575.35,Wallet,DEV_4725,Hyderabad,5,545,0,historical,1
TX10758,C1016,2026-06-28 21:48:55,3033.95,Wallet,DEV_4981,Noida,0,580,0,historical,0
TX10528,C1004,2026-06-29 07:19:55,2564.35,Netbanking,DEV_5548,Hyderabad,0,313,0,historical,0
TX10089,C1027,2026-06-29 14:15:55,26045.98,Debit Card,DEV_9271,Pune,2,842,0,historical,1
TX10987,C1032,2026-06-29 16:15:55,1006.99,Debit Card,DEV_6481,Ahmedabad,0,564,0,historical,0
TX10515,C1030,2026-06-29 16:49:55,1927.75,Wallet,DEV_1491,Chennai,0,681,0,historical,0
TX10235,C1016,2026-06-29 17:52:55,8426.02,Credit Card,DEV_4981,Noida,1,580,0,historical,0
TX10799,C1018,2026-06-29 18:57:55,4709.07,Credit Card,DEV_3085,Chennai,0,151,0,historical,0
TX10017,C1023,2026-06-29 19:18:55,5554.23,Netbanking,DEV_8579,New York,4,19,1,historical,1
TX10249,C1026,2026-06-29 23:46:55,2985.42,Wallet,DEV_4725,Hyderabad,0,545,0,historical,0
TX10842,C1035,2026-06-30 01:49:55,5773.84,UPI,DEV_2201,Kolkata,0,276,0,historical,0
TX10764,C1030,2026-06-30 01:56:55,1515.63,Credit Card,DEV_1491,Chennai,0,681,0,historical,0
TX10561,C1036,2026-06-30 07:42:55,2777.5,UPI,DEV_8839,Jaipur,0,816,0,historical,0
TX10003,C1019,2026-06-30 09:30:55,2192.47,Credit Card,DEV_4629,Noida,0,740,0,historical,0
TX10501,C1013,2026-06-30 13:16:55,1454.18,Wallet,DEV_3905,Noida,0,616,0,historical,0
TX11011,C1029,2026-06-30 14:17:55,1938.53,Credit Card,DEV_5754,Mumbai,0,174,0,historical,0
TX10452,C1024,2026-06-30 15:13:55,4904.9,Wallet,DEV_1276,Delhi,0,85,0,historical,0
TX10207,C1028,2026-06-30 19:57:55,7103.25,Wallet,DEV_5009,New York,1,581,0,historical,1
TX10415,C1017,2026-06-30 22:42:55,5262.62,Credit Card,DEV_5637,Gurugram,0,256,0,historical,0
TX10350,C1044,2026-06-30 23:40:55,1803.83,UPI,DEV_1238,Pune,0,527,0,historical,0
TX10044,C1010,2026-07-01 00:02:55,1489.75,Netbanking,DEV_5009,Delhi,0,370,0,historical,0
TX10187,C1017,2026-07-01 03:41:55,24232.93,Debit Card,DEV_5358,London,4,256,0,historical,1
TX10913,C1043,2026-07-01 03:53:55,1801.84,Debit Card,DEV_9701,Ahmedabad,0,569,0,historical,0
TX10234,C1002,2026-07-01 07:01:55,399.29,Credit Card,DEV_8595,Noida,0,800,0,historical,0
TX10381,C1033,2026-07-01 07:24:55,2168.05,Credit Card,DEV_2173,Delhi,0,888,0,historical,0
TX10470,C1015,2026-07-01 11:06:55,45796.92,Wallet,DEV_4305,Jaipur,3,367,0,historical,1
TX10048,C1010,2026-07-01 11:18:55,1981.94,Credit Card,DEV_5009,Delhi,0,370,0,historical,0
TX10288,C1035,2026-07-01 13:08:55,19586.86,Credit Card,DEV_5790,New York,4,276,0,historical,1
TX10492,C1010,2026-07-01 20:27:55,1119.49,Credit Card,DEV_5009,Delhi,0,370,0,historical,0
TX10916,C1005,2026-07-01 20:48:55,1057.24,Netbanking,DEV_9840,Noida,0,248,2,historical,0
TX10194,C1035,2026-07-02 00:39:55,2927.57,UPI,DEV_2201,Kolkata,0,276,0,historical,0
TX10092,C1011,2026-07-02 01:00:55,3503.78,Credit Card,DEV_2374,Pune,0,71,1,historical,0
TX10167,C1034,2026-07-02 01:10:55,10557.83,Credit Card,DEV_1774,Mumbai,1,193,0,historical,0
TX10918,C1029,2026-07-02 03:20:55,4282.37,Netbanking,DEV_5754,Mumbai,0,174,0,historical,0
TX10940,C1006,2026-07-02 09:19:55,6866.24,UPI,DEV_2376,Bengaluru,1,12,0,historical,0
TX10967,C1046,2026-07-02 09:59:55,20609.02,Credit Card,DEV_4352,Mumbai,2,596,0,historical,1
TX10907,C1037,2026-07-02 10:47:55,13506.77,Netbanking,DEV_7802,New York,4,86,1,historical,1
TX10084,C1011,2026-07-02 10:54:55,3427.69,Debit Card,DEV_2374,Pune,0,71,1,historical,0
TX10882,C1006,2026-07-02 14:50:55,4156.18,Credit Card,DEV_7320,Bengaluru,0,12,0,historical,0
TX10954,C1016,2026-07-02 20:48:55,8450.5,Netbanking,DEV_4981,Noida,1,580,0,historical,0
TX10890,C1008,2026-07-02 22:25:55,52298.26,Credit Card,DEV_5076,Kolkata,4,428,0,historical,1
TX10269,C1004,2026-07-03 02:28:55,1245.99,Wallet,DEV_5548,Hyderabad,0,313,0,historical,0
TX10655,C1036,2026-07-03 07:37:55,9921.02,Wallet,DEV_5433,Jaipur,2,816,0,historical,1
TX10825,C1012,2026-07-03 08:03:55,1513.65,Wallet,DEV_2111,Jaipur,0,720,0,historical,0
TX10827,C1033,2026-07-03 11:10:55,5733.45,UPI,DEV_2173,Hyderabad,1,888,0,historical,0
TX10625,C1040,2026-07-03 13:58:55,3009.89,Credit Card,DEV_8143,Mumbai,0,423,0,historical,0
TX11006,C1005,2026-07-03 14:14:55,4367.82,Wallet,DEV_9840,Ahmedabad,1,248,2,historical,0
TX10505,C1047,2026-07-03 15:22:55,664.87,Credit Card,DEV_2111,Chennai,0,96,0,historical,0
TX10603,C1022,2026-07-03 19:45:55,1763.36,Credit Card,DEV_9840,Delhi,0,456,0,historical,0
TX10554,C1030,2026-07-03 19:50:55,1008.55,Wallet,DEV_1491,Chennai,0,681,0,historical,0
TX10030,C1034,2026-07-03 20:05:55,5505.17,Credit Card,DEV_1774,Mumbai,0,193,0,historical,0
TX10472,C1045,2026-07-03 22:40:55,1094.06,Wallet,DEV_4305,Ahmedabad,0,96,0,historical,0
TX10998,C1002,2026-07-04 00:01:55,3095.81,Netbanking,DEV_FRAUD_BURST_99,London,2,800,0,historical,1
TX10877,C1026,2026-07-04 05:43:55,14607.88,Wallet,DEV_4725,Hyderabad,1,545,0,historical,0
TX10518,C1040,2026-07-04 06:16:55,4633.51,Netbanking,DEV_8143,Mumbai,1,423,0,historical,0
TX10005,C1047,2026-07-04 13:47:55,471.97,UPI,DEV_6951,Chennai,0,96,0,historical,0
TX10287,C1037,2026-07-04 14:17:55,3635.55,Credit Card,DEV_5076,Delhi,0,86,1,historical,0
TX10612,C1039,2026-07-04 16:22:55,1483.63,Credit Card,DEV_5811,Ahmedabad,0,92,0,historical,0
TX10134,C1022,2026-07-04 18:51:55,4693.09,Debit Card,DEV_9564,Delhi,1,456,0,historical,1
TX10870,C1022,2026-07-04 22:08:55,1546.34,Wallet,DEV_9840,Delhi,0,456,0,historical,0
TX10921,C1040,2026-07-04 22:09:55,1403.55,Netbanking,DEV_6420,Mumbai,0,423,0,historical,0
TX10498,C1046,2026-07-04 22:20:55,1806.91,Wallet,DEV_4352,Mumbai,0,596,0,historical,0
TX10279,C1004,2026-07-05 03:11:55,6225.62,Debit Card,DEV_5548,Ahmedabad,1,313,0,historical,0
TX10429,C1028,2026-07-05 03:27:55,931.06,Netbanking,DEV_6590,Jaipur,0,581,0,historical,0
TX10169,C1038,2026-07-05 04:08:55,4313.96,Netbanking,DEV_6245,Chennai,0,429,0,historical,0
TX10828,C1024,2026-07-05 04:13:55,23034.93,UPI,DEV_4309,New York,3,85,0,historical,1
TX10432,C1007,2026-07-05 12:52:55,587.39,Credit Card,DEV_3178,Ahmedabad,0,450,0,historical,0
TX10466,C1026,2026-07-05 14:41:55,7335.32,Wallet,DEV_4725,Hyderabad,0,545,0,historical,0
TX10462,C1028,2026-07-05 18:18:55,1824.52,Credit Card,DEV_6590,Jaipur,0,581,0,historical,0
TX10583,C1047,2026-07-06 00:41:55,605.11,Netbanking,DEV_6951,Ahmedabad,1,96,0,historical,0
TX10859,C1035,2026-07-06 00:57:55,5519.17,Wallet,DEV_2201,Kolkata,0,276,0,historical,0
TX10510,C1043,2026-07-06 04:40:55,5677.82,Debit Card,DEV_9701,Ahmedabad,0,569,0,historical,0
TX10156,C1016,2026-07-06 08:39:55,6894.8,Wallet,DEV_4981,Noida,1,580,0,historical,0
TX10395,C1030,2026-07-06 09:52:55,1705.47,Debit Card,DEV_1491,Chennai,0,681,0,historical,0
TX10547,C1038,2026-07-06 13:30:55,8665.4,Wallet,DEV_6245,Chennai,0,429,0,historical,0
TX10570,C1007,2026-07-06 17:23:55,5008.1,Debit Card,DEV_FRAUD_BURST_99,London,2,450,0,historical,1
TX10244,C1027,2026-07-06 19:29:55,8666.92,Debit Card,DEV_5616,Pune,0,842,0,historical,0
TX10724,C1028,2026-07-06 22:10:55,3658.97,Wallet,DEV_6590,Jaipur,1,581,0,historical,0
TX10072,C1041,2026-07-06 23:07:55,14454.33,Debit Card,DEV_3216,Kolkata,1,798,0,historical,0
TX10978,C1011,2026-07-07 02:08:55,2625.2,Credit Card,DEV_2374,Pune,0,71,1,historical,0
TX10549,C1004,2026-07-07 09:19:55,2800.11,Wallet,DEV_5548,Hyderabad,0,313,0,historical,0
TX10943,C1045,2026-07-07 12:31:55,2872.0,Debit Card,DEV_9564,Ahmedabad,0,96,0,historical,0
TX10715,C1033,2026-07-07 16:16:55,2951.67,Netbanking,DEV_2173,Delhi,0,888,0,historical,0
TX10908,C1026,2026-07-07 18:07:55,53018.26,Credit Card,DEV_4725,Hyderabad,3,545,0,historical,1
TX10118,C1026,2026-07-07 21:56:55,8832.82,Debit Card,DEV_6487,Hyderabad,0,545,0,historical,0
TX10196,C1028,2026-07-07 23:35:55,3517.83,UPI,DEV_6590,Jaipur,1,581,0,historical,0
TX10438,C1011,2026-07-08 02:57:55,1250.62,UPI,DEV_2374,Pune,0,71,1,historical,0
TX10546,C1021,2026-07-08 08:07:55,765.64,Wallet,DEV_5790,Pune,0,457,0,historical,0
TX10727,C1036,2026-07-08 11:16:55,13148.45,Netbanking,DEV_6590,Jaipur,3,816,0,historical,1
TX10725,C1019,2026-07-08 12:53:55,9945.3,Credit Card,DEV_4629,Noida,4,740,0,historical,1
TX10538,C1002,2026-07-08 13:08:55,1199.78,Netbanking,DEV_8595,Noida,0,800,0,historical,0
TX10839,C1041,2026-07-08 21:48:55,6938.78,Credit Card,DEV_3216,Kolkata,0,798,0,historical,0
TX10254,C1027,2026-07-08 22:14:55,10392.63,Debit Card,DEV_5616,Pune,0,842,0,historical,0
TX10223,C1002,2026-07-09 00:36:55,1190.52,Wallet,DEV_7873,Noida,0,800,0,historical,0
TX11000,C1022,2026-07-09 03:17:55,1372.93,Netbanking,DEV_9840,Delhi,0,456,0,historical,0
TX10552,C1020,2026-07-09 06:07:55,7316.1,UPI,DEV_2201,Jaipur,1,736,0,historical,0
TX10270,C1010,2026-07-09 10:42:55,1984.66,Debit Card,DEV_5009,Delhi,0,370,0,historical,0
TX10354,C1026,2026-07-09 12:14:55,2996.15,UPI,DEV_4725,Hyderabad,0,545,0,historical,0
TX10605,C1033,2026-07-09 12:53:55,3086.39,Wallet,DEV_2173,Delhi,0,888,0,historical,0
TX10317,C1034,2026-07-09 13:37:55,7977.56,Credit Card,DEV_1774,Kolkata,1,193,0,historical,0
TX10770,C1046,2026-07-09 18:38:55,1378.75,Wallet,DEV_4352,Mumbai,0,596,0,historical,0
TX10777,C1039,2026-07-09 19:52:55,1676.72,UPI,DEV_7645,Ahmedabad,0,92,0,historical,0
TX10503,C1023,2026-07-09 20:16:55,1420.69,Wallet,DEV_5433,Gurugram,0,19,1,historical,0
TX10449,C1037,2026-07-09 20:41:55,1997.57,Debit Card,DEV_2173,Delhi,0,86,1,historical,0
TX10001,C1043,2026-07-09 22:44:55,5581.16,Credit Card,DEV_9701,Ahmedabad,0,569,0,historical,0
TX10985,C1027,2026-07-09 23:11:55,3637.42,Netbanking,DEV_5616,Pune,0,842,0,historical,0
TX10820,C1031,2026-07-10 03:52:55,662.72,Wallet,DEV_7645,Pune,0,598,0,historical,0
TX10091,C1015,2026-07-10 04:26:55,5651.06,Wallet,DEV_4305,Jaipur,0,367,0,historical,0
TX10812,C1027,2026-07-10 04:43:55,5505.23,Debit Card,DEV_5616,Pune,0,842,0,historical,0
TX10398,C1001,2026-07-10 05:57:55,2124.06,UPI,DEV_6689,Kolkata,0,590,0,historical,0
TX10301,C1035,2026-07-10 07:55:55,3301.08,Credit Card,DEV_2201,Kolkata,0,276,0,historical,0
TX10747,C1030,2026-07-10 08:21:55,10968.55,Wallet,DEV_1491,Chennai,2,681,0,historical,1
TX10332,C1020,2026-07-10 08:45:55,4133.97,Wallet,DEV_2201,Jaipur,0,736,0,historical,0
TX10910,C1041,2026-07-10 11:00:55,11351.02,UPI,DEV_3216,Bengaluru,1,798,0,historical,0
TX10970,C1012,2026-07-10 12:51:55,1475.42,Credit Card,DEV_2111,Jaipur,0,720,0,historical,0
TX10086,C1041,2026-07-10 14:06:55,21828.37,UPI,DEV_9029,Kolkata,2,798,0,historical,1
TX10847,C1031,2026-07-10 18:05:55,1312.02,Wallet,DEV_1601,Pune,0,598,0,historical,0
TX10064,C1021,2026-07-10 22:09:55,1912.22,Wallet,DEV_5433,Pune,0,457,0,historical,0
TX10942,C1004,2026-07-10 22:54:55,3164.82,Netbanking,DEV_5548,Hyderabad,0,313,0,historical,0
TX10520,C1034,2026-07-11 03:03:55,4459.07,Debit Card,DEV_1774,Mumbai,0,193,0,historical,0
TX10636,C1005,2026-07-11 06:32:55,2674.45,UPI,DEV_2902,Noida,0,248,2,historical,0
TX10682,C1044,2026-07-11 07:07:55,4730.47,Wallet,DEV_1238,Pune,0,527,0,historical,0
TX10676,C1032,2026-07-11 09:43:55,991.79,UPI,DEV_9485,Ahmedabad,0,564,0,historical,0
TX10201,C1046,2026-07-11 15:24:55,4043.63,Debit Card,DEV_4352,Mumbai,0,596,0,historical,0
TX10508,C1014,2026-07-12 00:53:55,5510.05,Credit Card,DEV_2374,Chennai,0,488,0,historical,0
TX10926,C1021,2026-07-12 02:12:55,1628.66,Netbanking,DEV_5433,Pune,0,457,0,historical,0
TX10143,C1004,2026-07-12 04:21:55,3444.4,Credit Card,DEV_5548,Pune,0,313,0,historical,0
TX10698,C1028,2026-07-12 04:58:55,745.7,Debit Card,DEV_6590,Jaipur,0,581,0,historical,0
TX10959,C1041,2026-07-12 05:08:55,7473.63,UPI,DEV_3216,Kolkata,0,798,0,historical,0
TX10692,C1002,2026-07-12 05:21:55,1704.4,Wallet,DEV_8595,Noida,1,800,0,historical,0
TX10917,C1032,2026-07-12 05:42:55,341.81,UPI,DEV_9485,Ahmedabad,0,564,0,historical,0
TX10669,C1017,2026-07-12 07:16:55,3194.79,UPI,DEV_5637,Gurugram,1,256,0,historical,0
TX10071,C1040,2026-07-12 07:42:55,9349.18,UPI,DEV_8143,Mumbai,3,423,0,historical,1
TX10484,C1000,2026-07-12 08:39:55,1327.33,Credit Card,DEV_5637,Ahmedabad,0,481,0,historical,0
TX10558,C1046,2026-07-12 09:05:55,2416.23,Wallet,DEV_7873,Mumbai,0,596,0,historical,0
TX10751,C1039,2026-07-12 14:13:55,1004.05,Credit Card,DEV_5811,Ahmedabad,0,92,0,historical,0
TX10531,C1035,2026-07-12 14:35:55,3819.01,Debit Card,DEV_2201,Kolkata,0,276,0,historical,0
TX10460,C1032,2026-07-12 16:36:55,696.74,Debit Card,DEV_9485,Ahmedabad,0,564,0,historical,0
TX10660,C1012,2026-07-12 17:25:55,1902.13,Wallet,DEV_2111,Pune,1,720,0,historical,0
TX10643,C1046,2026-07-12 18:09:55,2224.53,Wallet,DEV_4352,Mumbai,0,596,0,historical,0
TX10822,C1017,2026-07-12 20:08:55,6102.91,Credit Card,DEV_5637,Gurugram,0,256,0,historical,0
TX10685,C1028,2026-07-12 20:17:55,865.82,Debit Card,DEV_6590,Mumbai,0,581,0,historical,0
TX10219,C1037,2026-07-12 21:23:55,3796.54,Netbanking,DEV_2173,Delhi,0,86,1,historical,0
TX10565,C1000,2026-07-12 21:35:55,2194.21,Debit Card,DEV_5637,Ahmedabad,0,481,0,historical,0
TX10695,C1016,2026-07-12 22:52:55,2767.44,Wallet,DEV_4981,Jaipur,1,580,0,historical,0
TX10325,C1036,2026-07-12 23:06:55,4940.05,UPI,DEV_8839,Jaipur,0,816,0,historical,0
TX10637,C1001,2026-07-13 01:19:55,4499.06,Netbanking,DEV_7236,Kolkata,0,590,0,historical,0
TX10811,C1020,2026-07-13 04:24:55,2676.03,Netbanking,DEV_2201,Jaipur,0,736,0,historical,0
TX10521,C1025,2026-07-13 05:55:55,2403.73,Wallet,DEV_8310,Pune,0,779,0,historical,0
TX10789,C1005,2026-07-13 08:05:55,2670.26,Wallet,DEV_9840,Noida,0,248,2,historical,0
TX10948,C1014,2026-07-13 12:57:55,3026.18,Credit Card,DEV_5128,Chennai,0,488,0,historical,0
TX10535,C1013,2026-07-13 14:10:55,1131.73,Netbanking,DEV_3905,Noida,0,616,0,historical,0
TX10956,C1000,2026-07-13 18:34:55,8406.67,Credit Card,DEV_FRAUD_BURST_99,New York,2,481,0,historical,1
TX11022,C1030,2026-07-13 20:32:55,5529.34,Debit Card,DEV_2376,London,3,681,0,historical,1
TX10898,C1014,2026-07-13 23:41:55,10060.99,UPI,DEV_2608,Chennai,0,488,0,historical,0
TX10033,C1028,2026-07-14 00:31:55,1165.29,Debit Card,DEV_6590,Jaipur,0,581,0,historical,0
TX10519,C1008,2026-07-14 03:03:55,6620.69,UPI,DEV_5076,Kolkata,0,428,0,historical,0
TX10968,C1034,2026-07-14 03:22:55,11284.01,Wallet,DEV_1774,Mumbai,1,193,0,historical,0
TX10796,C1019,2026-07-14 06:52:55,3127.35,Wallet,DEV_4629,Gurugram,1,740,0,historical,0
TX10687,C1037,2026-07-14 12:13:55,1515.72,Debit Card,DEV_4951,Delhi,0,86,1,historical,0
TX10664,C1020,2026-07-14 12:24:55,6288.68,Debit Card,DEV_2201,Gurugram,1,736,0,historical,0
TX11028,C1042,2026-07-14 13:23:55,6776.71,Wallet,DEV_6487,Jaipur,0,314,0,historical,0
TX10756,C1007,2026-07-14 15:33:55,531.08,Credit Card,DEV_3178,Pune,0,450,0,historical,0
TX11030,C1004,2026-07-14 15:44:55,15196.64,UPI,DEV_7320,New York,2,313,0,historical,1
TX10808,C1034,2026-07-14 17:07:55,6399.58,Netbanking,DEV_1774,Mumbai,0,193,0,historical,0
TX10316,C1014,2026-07-14 22:25:55,8844.13,Debit Card,DEV_5128,Chennai,0,488,0,historical,0
TX10242,C1041,2026-07-15 01:28:55,8797.53,Debit Card,DEV_3216,Kolkata,0,798,0,historical,0
TX10456,C1025,2026-07-15 05:01:55,1187.14,Netbanking,DEV_4473,Pune,0,779,0,historical,0
TX10841,C1023,2026-07-15 07:22:55,2196.48,Netbanking,DEV_5433,Gurugram,0,19,1,historical,0
TX10992,C1042,2026-07-15 08:22:55,8659.6,Wallet,DEV_6487,Jaipur,0,314,0,historical,0
TX10602,C1045,2026-07-15 10:05:55,1879.44,Debit Card,DEV_9564,Ahmedabad,0,96,0,historical,0
TX10085,C1036,2026-07-15 10:40:55,5644.49,Debit Card,DEV_8839,Jaipur,1,816,0,historical,0
TX10653,C1007,2026-07-15 11:16:55,818.03,UPI,DEV_3178,Jaipur,0,450,0,historical,0
TX10979,C1024,2026-07-15 12:44:55,12601.13,Credit Card,DEV_FRAUD_BURST_99,London,2,85,0,historical,1
TX10706,C1002,2026-07-15 15:55:55,482.02,Netbanking,DEV_8595,Noida,0,800,0,historical,0
TX10111,C1029,2026-07-15 16:02:55,4899.87,Netbanking,DEV_7645,Mumbai,0,174,0,historical,0
TX10983,C1047,2026-07-15 17:45:55,416.72,Wallet,DEV_6951,Chennai,0,96,0,historical,0
TX10506,C1041,2026-07-15 18:03:55,6887.17,Netbanking,DEV_3216,Kolkata,0,798,0,historical,0
TX10597,C1020,2026-07-15 19:22:55,2977.8,Netbanking,DEV_2201,Jaipur,0,736,0,historical,0
TX10477,C1030,2026-07-15 19:50:55,1035.86,UPI,DEV_1491,Chennai,0,681,0,historical,0
TX10741,C1014,2026-07-15 20:06:55,7068.89,Wallet,DEV_5128,Chennai,0,488,0,historical,0
TX10875,C1005,2026-07-15 20:58:55,1541.8,Netbanking,DEV_9840,Ahmedabad,0,248,2,historical,0
TX10556,C1019,2026-07-15 21:04:55,2611.47,UPI,DEV_4629,Noida,0,740,0,historical,0
TX10788,C1027,2026-07-16 01:14:55,4404.25,UPI,DEV_5616,Pune,0,842,0,historical,0
TX10760,C1020,2026-07-16 02:09:55,1867.3,Wallet,DEV_2201,Jaipur,0,736,0,historical,0
TX10295,C1015,2026-07-16 04:34:55,4854.71,Credit Card,DEV_4305,Jaipur,0,367,0,historical,0
TX10023,C1014,2026-07-16 08:30:55,6122.6,Debit Card,DEV_5128,Chennai,0,488,0,historical,0
TX10479,C1022,2026-07-16 19:31:55,1543.51,UPI,DEV_9840,Delhi,0,456,0,historical,0
TX10363,C1045,2026-07-17 11:32:55,1748.2,UPI,DEV_9564,Gurugram,0,96,0,historical,0
TX10392,C1013,2026-07-17 11:33:55,1396.46,Netbanking,DEV_3905,Noida,0,616,0,historical,0
TX10331,C1044,2026-07-17 15:31:55,4084.2,UPI,DEV_1238,Pune,0,527,0,historical,0
TX10673,C1004,2026-07-17 20:32:55,2652.2,Debit Card,DEV_5548,Hyderabad,0,313,0,historical,0
TX10176,C1020,2026-07-17 23:04:55,2777.99,Netbanking,DEV_2201,Jaipur,0,736,0,historical,0
TX10874,C1004,2026-07-18 05:42:55,3612.35,Debit Card,DEV_3216,Hyderabad,0,313,0,historical,0
TX10590,C1030,2026-07-18 12:42:55,1014.44,Debit Card,DEV_1491,Chennai,0,681,0,historical,0
TX10599,C1035,2026-07-18 15:00:55,7619.1,Netbanking,DEV_6573,Kolkata,0,276,0,historical,0
TX11055,C1008,2026-07-18 18:00:55,4447.65,UPI,DEV_5076,Kolkata,0,428,0,historical,0
TX10153,C1024,2026-07-19 01:10:55,2188.7,Debit Card,DEV_6245,Delhi,0,85,0,historical,0
TX10752,C1037,2026-07-19 01:16:55,3776.32,Netbanking,DEV_9006,Delhi,0,86,1,historical,0
TX10934,C1040,2026-07-19 01:35:55,9996.92,UPI,DEV_5358,London,1,423,0,historical,1
TX10504,C1005,2026-07-19 03:32:55,2533.57,Wallet,DEV_9840,Noida,0,248,2,historical,0
TX10314,C1008,2026-07-19 04:53:55,10273.61,Credit Card,DEV_5076,Kolkata,0,428,0,historical,0
TX10043,C1005,2026-07-19 07:55:55,928.31,Debit Card,DEV_9840,Noida,0,248,2,historical,0
TX10246,C1015,2026-07-19 10:01:55,8180.28,Netbanking,DEV_4305,Jaipur,1,367,0,historical,0
TX10486,C1023,2026-07-19 10:18:55,7039.85,Debit Card,DEV_3340,New York,1,19,1,historical,1
TX11016,C1020,2026-07-19 12:36:55,3181.75,Debit Card,DEV_2201,Jaipur,0,736,0,historical,0
TX10383,C1044,2026-07-19 13:31:55,3763.2,Netbanking,DEV_1238,Kolkata,0,527,0,historical,0
TX10905,C1019,2026-07-19 14:42:55,1213.17,Netbanking,DEV_4629,Noida,0,740,0,historical,0
TX10815,C1043,2026-07-19 15:37:55,9645.75,Netbanking,DEV_9701,Hyderabad,1,569,0,historical,0
TX10245,C1007,2026-07-19 18:13:55,1125.85,UPI,DEV_3178,Pune,0,450,0,historical,0
TX10120,C1004,2026-07-19 19:06:55,2884.82,Credit Card,DEV_5548,Hyderabad,0,313,0,historical,0
TX10386,C1008,2026-07-19 19:51:55,9584.4,UPI,DEV_5076,Kolkata,0,428,0,historical,0
TX10581,C1000,2026-07-19 23:13:55,5220.01,Debit Card,DEV_FRAUD_BURST_99,New York,2,481,0,historical,1
TX10774,C1041,2026-07-20 00:30:55,32298.18,Credit Card,DEV_1238,New York,3,798,0,historical,1
TX11013,C1022,2026-07-20 03:36:55,1637.68,Wallet,DEV_9840,Delhi,0,456,0,historical,0
TX10952,C1009,2026-07-20 06:01:55,9506.75,UPI,DEV_3066,Kolkata,0,513,0,historical,0
TX10117,C1010,2026-07-20 06:42:55,2650.84,Credit Card,DEV_1774,Delhi,0,370,0,historical,0
TX10982,C1020,2026-07-20 10:21:55,4131.49,Debit Card,DEV_2201,Jaipur,0,736,0,historical,0
TX10511,C1015,2026-07-20 10:51:55,8170.6,Netbanking,DEV_4305,Jaipur,0,367,0,historical,0
TX10374,C1027,2026-07-20 11:35:55,15051.11,Wallet,DEV_5616,Pune,1,842,0,historical,0
TX10699,C1014,2026-07-20 14:32:55,7596.56,UPI,DEV_5128,Chennai,0,488,0,historical,0
TX10028,C1013,2026-07-20 14:53:55,3676.19,Debit Card,DEV_3905,Noida,0,616,0,historical,0
TX10912,C1013,2026-07-20 15:55:55,11869.73,UPI,DEV_FRAUD_BURST_99,New York,2,616,0,historical,1
TX10697,C1020,2026-07-20 18:09:55,4310.17,Debit Card,DEV_2201,Jaipur,0,736,0,historical,0
TX10722,C1008,2026-07-20 18:38:55,40183.56,UPI,DEV_FRAUD_BURST_99,New York,2,428,0,historical,1
TX10657,C1003,2026-07-20 19:15:55,5077.84,Wallet,DEV_1774,Hyderabad,0,34,0,historical,0
TX10662,C1000,2026-07-20 19:30:55,2115.93,Wallet,DEV_5637,Ahmedabad,0,481,0,historical,0
TX10716,C1024,2026-07-20 21:55:55,2343.24,Wallet,DEV_6245,Delhi,0,85,0,historical,0
TX10728,C1010,2026-07-21 04:33:55,1688.74,Credit Card,DEV_5009,Delhi,0,370,0,historical,0
TX10403,C1021,2026-07-21 04:57:55,9532.32,UPI,DEV_5433,Pune,5,457,0,historical,1
TX10100,C1001,2026-07-21 08:06:55,10297.53,Netbanking,DEV_6689,Kolkata,1,590,0,historical,0
TX10241,C1003,2026-07-21 08:27:55,6113.2,Wallet,DEV_1774,Hyderabad,0,34,0,historical,0
TX10744,C1035,2026-07-21 09:25:55,10386.85,Credit Card,DEV_2201,Kolkata,1,276,0,historical,0
TX10705,C1020,2026-07-21 11:18:55,3415.16,Debit Card,DEV_2201,Jaipur,0,736,0,historical,0
TX10497,C1024,2026-07-21 14:21:55,7589.04,UPI,DEV_6245,Delhi,1,85,0,historical,0
TX10878,C1007,2026-07-21 18:21:55,823.04,Netbanking,DEV_3178,Noida,0,450,0,historical,0
TX11024,C1020,2026-07-21 18:55:55,1352.95,Wallet,DEV_2201,Jaipur,1,736,0,historical,0
TX10358,C1001,2026-07-21 22:33:55,17109.99,Wallet,DEV_FRAUD_BURST_99,New York,2,590,0,historical,1
TX10607,C1014,2026-07-22 00:04:55,6015.66,Wallet,DEV_1276,Chennai,0,488,0,historical,0
TX10893,C1024,2026-07-22 03:06:55,5321.53,Netbanking,DEV_6245,Chennai,0,85,0,historical,0
TX10957,C1007,2026-07-22 04:22:55,1197.22,UPI,DEV_3178,Pune,0,450,0,historical,0
TX10575,C1047,2026-07-22 05:43:55,572.2,Wallet,DEV_6951,Chennai,0,96,0,historical,0
TX10427,C1032,2026-07-22 06:23:55,1118.19,Credit Card,DEV_9485,Ahmedabad,0,564,0,historical,0
TX10130,C1041,2026-07-22 09:15:55,29492.53,Credit Card,DEV_FRAUD_BURST_99,New York,2,798,0,historical,1
TX10278,C1007,2026-07-22 10:16:55,2322.33,Credit Card,DEV_3178,Ahmedabad,1,450,0,historical,0
TX10671,C1033,2026-07-22 11:58:55,2336.21,Credit Card,DEV_2173,Delhi,0,888,0,historical,0
TX10372,C1023,2026-07-22 12:12:55,2500.06,Credit Card,DEV_5616,Gurugram,0,19,1,historical,0
TX11037,C1016,2026-07-22 12:48:55,5600.06,Credit Card,DEV_7873,Noida,0,580,0,historical,0
TX10889,C1002,2026-07-22 13:50:55,661.95,UPI,DEV_8595,Noida,0,800,0,historical,0
TX11041,C1004,2026-07-22 14:41:55,2841.66,Wallet,DEV_5548,Hyderabad,0,313,0,historical,0
TX10404,C1045,2026-07-22 16:14:55,1876.04,Debit Card,DEV_9564,Ahmedabad,0,96,0,historical,0
TX10353,C1017,2026-07-22 18:24:55,3347.63,UPI,DEV_5637,Gurugram,0,256,0,historical,0
TX10863,C1025,2026-07-22 18:52:55,1512.57,Wallet,DEV_5358,Pune,0,779,0,historical,0
TX10256,C1039,2026-07-23 00:24:55,1621.6,UPI,DEV_5811,Ahmedabad,0,92,0,historical,0
TX10783,C1044,2026-07-23 01:02:55,2532.74,Credit Card,DEV_1238,Pune,0,527,0,historical,0
TX10632,C1016,2026-07-23 02:23:55,1950.49,UPI,DEV_4981,Noida,0,580,0,historical,0
TX10021,C1025,2026-07-23 04:06:55,2366.51,Credit Card,DEV_5358,Pune,0,779,0,historical,0
TX10524,C1042,2026-07-23 07:23:55,3434.66,Netbanking,DEV_6487,Jaipur,0,314,0,historical,0
TX10580,C1005,2026-07-23 09:42:55,2207.5,Debit Card,DEV_9840,Noida,0,248,2,historical,0
TX10798,C1005,2026-07-23 10:41:55,1512.24,Credit Card,DEV_9840,Noida,0,248,2,historical,0
TX10639,C1023,2026-07-23 10:59:55,2098.78,UPI,DEV_5433,Gurugram,1,19,1,historical,0
TX10163,C1007,2026-07-23 11:30:55,950.45,UPI,DEV_3178,Pune,0,450,0,historical,0
TX10906,C1015,2026-07-23 13:28:55,3905.33,Debit Card,DEV_4305,Jaipur,0,367,0,historical,0
TX10768,C1023,2026-07-23 15:53:55,4565.11,UPI,DEV_5433,Gurugram,1,19,1,historical,0
TX10487,C1028,2026-07-23 16:10:55,2114.46,Credit Card,DEV_1746,Jaipur,0,581,0,historical,0
TX10818,C1011,2026-07-23 19:40:55,3792.28,Wallet,DEV_2374,Pune,0,71,1,historical,0
TX10738,C1023,2026-07-23 21:25:55,1657.78,Debit Card,DEV_5433,Gurugram,0,19,1,historical,0
TX10192,C1047,2026-07-23 22:13:55,566.34,Wallet,DEV_6951,Chennai,0,96,0,historical,0
TX10206,C1040,2026-07-23 23:03:55,4449.1,Netbanking,DEV_8143,Delhi,1,423,0,historical,0
TX11005,C1041,2026-07-23 23:59:55,18523.12,UPI,DEV_4951,Kolkata,2,798,0,historical,1
TX10755,C1030,2026-07-24 04:35:55,599.69,Wallet,DEV_1491,Chennai,0,681,0,historical,0
TX10973,C1037,2026-07-24 09:24:55,1602.75,Netbanking,DEV_2173,Delhi,0,86,1,historical,0
TX10753,C1022,2026-07-24 10:00:55,1946.35,Credit Card,DEV_9840,Delhi,0,456,0,historical,0
TX10618,C1030,2026-07-24 17:28:55,621.65,Wallet,DEV_1491,Chennai,0,681,0,historical,0
TX10868,C1000,2026-07-24 18:55:55,6285.6,Wallet,DEV_8579,New York,4,481,0,historical,1
TX11035,C1001,2026-07-24 18:56:55,4956.94,Wallet,DEV_6689,Kolkata,1,590,0,historical,0
TX10614,C1022,2026-07-24 19:03:55,1690.02,UPI,DEV_9840,Delhi,0,456,0,historical,0
TX10348,C1011,2026-07-24 20:16:55,2226.7,Netbanking,DEV_2374,Pune,0,71,1,historical,0
TX10914,C1027,2026-07-24 21:41:55,17315.29,Wallet,DEV_5616,Pune,1,842,0,historical,0
TX10732,C1040,2026-07-24 23:27:55,1776.96,Wallet,DEV_8143,Mumbai,0,423,0,historical,0
TX10422,C1036,2026-07-24 23:30:55,3185.39,Debit Card,DEV_8839,Jaipur,0,816,0,historical,0
TX10883,C1004,2026-07-25 00:50:55,1452.48,Netbanking,DEV_5548,Hyderabad,0,313,0,historical,0
TX10617,C1016,2026-07-25 02:32:55,9424.16,Wallet,DEV_4981,Noida,1,580,0,historical,0
TX10463,C1043,2026-07-25 04:14:55,3405.02,Debit Card,DEV_9701,Ahmedabad,0,569,0,historical,0
TX10496,C1016,2026-07-25 04:21:55,12032.43,Debit Card,DEV_4981,Noida,1,580,0,historical,0
TX10132,C1025,2026-07-25 04:45:55,1805.71,Debit Card,DEV_5358,Pune,0,779,0,historical,0
TX10252,C1014,2026-07-25 05:21:55,5532.06,UPI,DEV_5128,Chennai,0,488,0,historical,0
TX10975,C1011,2026-07-25 06:39:55,2102.62,Debit Card,DEV_7320,Pune,0,71,1,historical,0
TX10525,C1020,2026-07-25 09:09:55,2628.26,Credit Card,DEV_2201,Jaipur,0,736,0,historical,0
TX10641,C1030,2026-07-25 12:59:55,1538.4,Wallet,DEV_1491,Chennai,0,681,0,historical,0
TX10585,C1009,2026-07-25 13:18:55,5041.87,Debit Card,DEV_3066,Kolkata,0,513,0,historical,0
TX10007,C1015,2026-07-25 16:20:55,8238.02,Credit Card,DEV_9840,Jaipur,0,367,0,historical,0
TX10042,C1015,2026-07-25 17:07:55,4291.79,Netbanking,DEV_4305,Jaipur,0,367,0,historical,0
TX10999,C1006,2026-07-25 18:49:55,11201.77,Debit Card,DEV_FRAUD_BURST_99,New York,2,12,0,historical,1
TX10272,C1017,2026-07-25 19:41:55,14114.58,Debit Card,DEV_6487,Gurugram,1,256,0,historical,1
TX10771,C1017,2026-07-25 21:26:55,3865.59,Netbanking,DEV_5637,Gurugram,0,256,0,historical,0
TX10018,C1027,2026-07-26 00:24:55,36784.52,Netbanking,DEV_9072,London,2,842,0,historical,1
TX10168,C1000,2026-07-26 03:59:55,1542.0,UPI,DEV_5637,Ahmedabad,0,481,0,historical,0
TX10885,C1042,2026-07-26 06:35:55,4154.59,UPI,DEV_6487,Jaipur,0,314,0,historical,0
TX10578,C1012,2026-07-26 06:50:55,2058.63,Credit Card,DEV_5358,Jaipur,0,720,0,historical,0
TX10022,C1036,2026-07-26 07:15:55,5533.11,Debit Card,DEV_7307,Jaipur,0,816,0,historical,0
TX10681,C1022,2026-07-26 09:27:55,874.61,UPI,DEV_9840,Delhi,0,456,0,historical,0
TX10255,C1012,2026-07-26 12:47:55,1925.39,Debit Card,DEV_2111,Chennai,1,720,0,historical,0
TX10529,C1013,2026-07-26 14:35:55,1606.96,Debit Card,DEV_3905,Noida,0,616,0,historical,0
TX10417,C1034,2026-07-26 17:21:55,5544.3,Debit Card,DEV_1774,Mumbai,0,193,0,historical,0
TX10182,C1027,2026-07-26 22:23:55,38622.57,UPI,DEV_5616,Pune,2,842,0,historical,1
TX11004,C1034,2026-07-27 00:38:55,6432.41,Wallet,DEV_1774,Noida,0,193,0,historical,0
TX10036,C1018,2026-07-27 00:40:55,6840.93,Wallet,DEV_3085,Chennai,0,151,0,historical,0
TX11027,C1039,2026-07-27 02:17:55,1145.3,UPI,DEV_5811,Ahmedabad,0,92,0,historical,0
TX10098,C1018,2026-07-27 04:36:55,8199.14,UPI,DEV_3085,Bengaluru,1,151,0,historical,0
TX10915,C1014,2026-07-27 05:40:55,10271.38,Credit Card,DEV_7594,Chennai,0,488,0,historical,0
TX10333,C1032,2026-07-27 05:56:55,677.61,Credit Card,DEV_9485,Ahmedabad,0,564,0,historical,0
TX10932,C1041,2026-07-27 07:40:55,7881.72,Netbanking,DEV_3216,Kolkata,0,798,0,historical,0
TX10634,C1016,2026-07-27 08:07:55,30998.36,Debit Card,DEV_4981,Noida,2,580,0,historical,1
TX10652,C1009,2026-07-27 08:22:55,6785.63,UPI,DEV_3066,Kolkata,0,513,0,historical,0
TX10368,C1047,2026-07-27 08:45:55,716.62,Netbanking,DEV_2374,Chennai,0,96,0,historical,0
TX10107,C1017,2026-07-27 09:04:55,4607.59,Netbanking,DEV_5637,Gurugram,0,256,0,historical,0
TX10347,C1000,2026-07-27 09:39:55,1887.37,UPI,DEV_5637,Ahmedabad,0,481,0,historical,0
TX10677,C1016,2026-07-27 10:12:55,2545.64,Debit Card,DEV_4981,Noida,0,580,0,historical,0
TX10962,C1025,2026-07-27 14:16:55,2606.31,Netbanking,DEV_5358,Pune,0,779,0,historical,0
TX10365,C1039,2026-07-27 18:00:55,1278.82,Netbanking,DEV_5811,Ahmedabad,0,92,0,historical,0
TX10276,C1008,2026-07-27 18:07:55,11559.9,UPI,DEV_5076,Kolkata,0,428,0,historical,0
TX10598,C1010,2026-07-27 18:28:55,2257.96,Netbanking,DEV_5009,Gurugram,0,370,0,historical,0
TX10093,C1040,2026-07-27 19:16:55,2992.71,Credit Card,DEV_8143,Mumbai,0,423,0,historical,0
TX10450,C1010,2026-07-27 20:53:55,6881.36,Netbanking,DEV_9852,New York,1,370,0,historical,1
TX10112,C1036,2026-07-27 21:14:55,6535.19,Wallet,DEV_8839,Jaipur,0,816,0,historical,0
TX10710,C1000,2026-07-27 22:33:55,1409.15,Credit Card,DEV_5637,Ahmedabad,0,481,0,historical,0
TX10220,C1008,2026-07-27 22:37:55,12197.33,UPI,DEV_5076,Kolkata,0,428,0,historical,0
TX10012,C1012,2026-07-28 05:03:55,611.55,Netbanking,DEV_2111,Jaipur,0,720,0,historical,0
TX11001,C1007,2026-07-28 05:19:55,1342.03,Credit Card,DEV_3178,Pune,0,450,0,historical,0
TX10041,C1024,2026-07-28 08:10:55,6810.53,Netbanking,DEV_6245,Delhi,1,85,0,historical,0
TX10161,C1018,2026-07-28 08:38:55,7267.2,Netbanking,DEV_3085,Chennai,0,151,0,historical,0
TX10480,C1040,2026-07-28 12:08:55,1641.1,Wallet,DEV_8143,Mumbai,0,423,0,historical,0
TX10057,C1034,2026-07-28 15:25:55,8984.91,Debit Card,DEV_1774,Mumbai,1,193,0,historical,0
TX10775,C1042,2026-07-28 15:29:55,5447.46,Wallet,DEV_6487,Jaipur,0,314,0,historical,0
TX10608,C1008,2026-07-28 17:02:55,12663.31,UPI,DEV_5076,Ahmedabad,1,428,0,historical,0
TX10495,C1003,2026-07-28 17:41:55,5446.97,Netbanking,DEV_1774,Hyderabad,0,34,0,historical,0
TX10564,C1038,2026-07-29 05:21:55,7427.87,Credit Card,DEV_6245,Chennai,0,429,0,historical,0
TX10446,C1021,2026-07-29 06:23:55,2929.6,Credit Card,DEV_6689,Pune,2,457,0,historical,1
TX10227,C1025,2026-07-29 06:42:55,5536.68,Debit Card,DEV_5358,Pune,1,779,0,historical,0
TX10215,C1032,2026-07-29 07:27:55,1550.47,Netbanking,DEV_9485,Kolkata,1,564,0,historical,0
TX11031,C1010,2026-07-29 08:16:55,2135.42,Wallet,DEV_5009,Delhi,0,370,0,historical,0
TX10938,C1029,2026-07-29 10:38:55,15354.14,UPI,DEV_FRAUD_BURST_99,London,2,174,0,historical,1
TX10455,C1037,2026-07-29 11:06:55,11568.36,Credit Card,DEV_2173,Delhi,5,86,1,historical,1
TX10645,C1007,2026-07-29 11:21:55,1204.7,Credit Card,DEV_3178,Pune,0,450,0,historical,0
TX10058,C1001,2026-07-29 11:49:55,8753.84,Wallet,DEV_6689,Chennai,1,590,0,historical,0
TX10717,C1037,2026-07-29 14:53:55,2891.36,Credit Card,DEV_2173,Delhi,0,86,1,historical,0
TX10099,C1026,2026-07-29 16:32:55,4944.2,Credit Card,DEV_4725,Hyderabad,0,545,0,historical,0
TX10871,C1008,2026-07-29 17:25:55,15537.61,Credit Card,DEV_9529,Kolkata,2,428,0,historical,1
TX10642,C1000,2026-07-29 22:25:55,1713.36,Credit Card,DEV_5637,Ahmedabad,0,481,0,historical,0
TX10050,C1039,2026-07-29 22:56:55,607.11,Credit Card,DEV_5811,Ahmedabad,0,92,0,historical,0
TX10476,C1035,2026-07-30 01:39:55,7052.4,Wallet,DEV_2201,Ahmedabad,1,276,0,historical,0
TX10094,C1047,2026-07-30 02:44:55,1991.09,UPI,DEV_7236,New York,2,96,0,historical,1
TX10478,C1001,2026-07-30 03:01:55,11897.06,UPI,DEV_1440,Kolkata,2,590,0,historical,1
TX10481,C1020,2026-07-30 03:47:55,2866.01,Wallet,DEV_2201,Jaipur,0,736,0,historical,0
TX10297,C1041,2026-07-30 04:03:55,13806.52,Debit Card,DEV_3216,Kolkata,1,798,0,historical,0
TX10609,C1007,2026-07-30 04:20:55,5872.3,Netbanking,DEV_9878,New York,3,450,0,historical,1
TX10627,C1025,2026-07-30 05:43:55,8467.23,Credit Card,DEV_FRAUD_BURST_99,New York,2,779,0,historical,1
TX10184,C1014,2026-07-30 05:54:55,11588.81,Credit Card,DEV_5128,Noida,1,488,0,historical,0
TX10277,C1017,2026-07-30 10:38:55,2650.39,Netbanking,DEV_5637,Gurugram,0,256,0,historical,0
TX10453,C1044,2026-07-30 11:00:55,2424.87,Netbanking,DEV_1238,Pune,0,527,0,historical,0
TX10292,C1047,2026-07-30 11:56:55,561.39,Wallet,DEV_6951,Chennai,1,96,0,historical,0
TX10468,C1045,2026-07-30 12:22:55,4947.39,Netbanking,DEV_9564,Jaipur,1,96,0,historical,0
TX10413,C1036,2026-07-30 13:29:55,23732.25,Credit Card,DEV_4951,London,2,816,0,historical,1
TX10689,C1014,2026-07-30 13:40:55,3912.81,Wallet,DEV_7320,Chennai,0,488,0,historical,0
TX10339,C1016,2026-07-30 17:17:55,4451.43,UPI,DEV_4981,Noida,0,580,0,historical,0
TX10527,C1042,2026-07-31 00:58:55,3639.54,Wallet,DEV_6487,Jaipur,0,314,0,historical,0
TX10644,C1004,2026-07-31 05:11:55,1261.77,UPI,DEV_5548,Hyderabad,0,313,0,historical,0
TX10389,C1045,2026-07-31 12:00:55,2387.42,Credit Card,DEV_9564,Ahmedabad,0,96,0,historical,0
TX11050,C1026,2026-07-31 12:30:55,8234.08,UPI,DEV_1238,Hyderabad,0,545,0,historical,0
TX10965,C1045,2026-07-31 13:15:55,4211.12,Debit Card,DEV_9564,Ahmedabad,1,96,0,historical,0
TX10955,C1023,2026-07-31 14:48:55,2226.74,UPI,DEV_5433,Gurugram,0,19,1,historical,0
TX10006,C1031,2026-07-31 18:02:55,983.42,UPI,DEV_7645,Pune,0,598,0,historical,0
TX10250,C1009,2026-07-31 23:05:55,9102.83,Debit Card,DEV_3066,Ahmedabad,0,513,0,historical,0
TX10313,C1006,2026-08-01 07:15:55,1761.75,Credit Card,DEV_2376,Bengaluru,0,12,0,historical,0
TX10110,C1035,2026-08-01 09:09:55,4546.54,UPI,DEV_2201,Kolkata,0,276,0,historical,0
TX10553,C1017,2026-08-01 10:36:55,3749.95,Credit Card,DEV_5637,Gurugram,0,256,0,historical,0
TX10088,C1029,2026-08-01 13:28:55,3023.79,Netbanking,DEV_5754,Mumbai,0,174,0,historical,0
TX10127,C1036,2026-08-01 13:34:55,4557.5,Debit Card,DEV_8839,Jaipur,0,816,0,historical,0
TX11039,C1040,2026-08-01 15:50:55,1814.49,Wallet,DEV_8143,Mumbai,0,423,0,historical,0
TX10205,C1010,2026-08-02 03:02:55,10509.67,Credit Card,DEV_1286,New York,4,370,0,historical,1
TX10767,C1032,2026-08-02 03:22:55,906.65,Netbanking,DEV_9485,Chennai,0,564,0,historical,0
TX10964,C1042,2026-08-02 03:28:55,4373.88,Netbanking,DEV_6487,Mumbai,0,314,0,historical,0
TX10080,C1028,2026-08-02 06:37:55,2121.96,Debit Card,DEV_6590,Jaipur,0,581,0,historical,0
TX10793,C1011,2026-08-02 14:12:55,5500.23,UPI,DEV_2374,Hyderabad,1,71,1,historical,0
TX10083,C1028,2026-08-02 17:14:55,1957.16,Netbanking,DEV_6590,Jaipur,0,581,0,historical,0
TX10159,C1046,2026-08-02 17:37:55,2525.77,Credit Card,DEV_4352,Mumbai,0,596,0,historical,0
TX10763,C1026,2026-08-02 17:38:55,3086.61,Credit Card,DEV_4725,Hyderabad,0,545,0,historical,0
TX10300,C1031,2026-08-02 22:04:55,1287.9,Wallet,DEV_7645,Pune,0,598,0,historical,0
TX10721,C1000,2026-08-02 23:59:55,4058.04,Debit Card,DEV_5637,Ahmedabad,1,481,0,historical,0
TX11053,C1005,2026-08-03 01:49:55,7393.84,Debit Card,DEV_2376,Noida,1,248,2,historical,1
TX10166,C1040,2026-08-03 02:00:55,2800.98,Netbanking,DEV_8143,Mumbai,0,423,0,historical,0
TX10904,C1017,2026-08-03 03:09:55,3750.25,UPI,DEV_2376,Gurugram,0,256,0,historical,0
TX10302,C1004,2026-08-03 03:33:55,1604.31,Credit Card,DEV_5548,Hyderabad,0,313,0,historical,0
TX10177,C1047,2026-08-03 03:49:55,371.53,Debit Card,DEV_6951,Chennai,0,96,0,historical,0
TX10038,C1033,2026-08-03 04:53:55,8406.28,Wallet,DEV_2173,Delhi,1,888,0,historical,0
TX10373,C1038,2026-08-03 10:20:55,7797.15,Wallet,DEV_6245,Chennai,0,429,0,historical,0
TX10346,C1005,2026-08-03 11:01:55,2242.43,Debit Card,DEV_9840,Noida,0,248,2,historical,0
TX10425,C1021,2026-08-03 15:15:55,1902.28,Netbanking,DEV_5433,Pune,0,457,0,historical,0
TX10026,C1039,2026-08-03 15:37:55,562.21,Debit Card,DEV_5811,Ahmedabad,0,92,0,historical,0
TX10620,C1038,2026-08-03 16:35:55,3074.29,Credit Card,DEV_6245,Chennai,0,429,0,historical,0
TX10004,C1020,2026-08-03 20:25:55,12023.7,UPI,DEV_FRAUD_BURST_99,London,2,736,0,historical,1
TX11042,C1013,2026-08-03 20:56:55,1154.03,Wallet,DEV_4305,Gurugram,0,616,0,historical,0
TX10323,C1023,2026-08-03 22:27:55,785.13,Wallet,DEV_5433,Gurugram,0,19,1,historical,0
TX10337,C1034,2026-08-04 00:55:55,5406.04,Credit Card,DEV_1774,Mumbai,0,193,0,historical,0
TX10113,C1029,2026-08-04 02:08:55,3909.83,UPI,DEV_5754,Mumbai,0,174,0,historical,0
TX10102,C1015,2026-08-04 05:36:55,4816.23,Debit Card,DEV_4305,Jaipur,0,367,0,historical,0
TX10451,C1004,2026-08-04 11:33:55,21394.49,Debit Card,DEV_5548,Hyderabad,3,313,0,historical,1
TX10729,C1019,2026-08-04 17:17:55,11763.03,UPI,DEV_4629,Noida,3,740,0,historical,1
TX10137,C1039,2026-08-04 17:55:55,558.46,Credit Card,DEV_5811,Ahmedabad,0,92,0,historical,0
TX10781,C1004,2026-08-05 03:47:55,1936.99,UPI,DEV_5548,Hyderabad,0,313,0,historical,0
TX11043,C1026,2026-08-05 03:51:55,12866.52,Netbanking,DEV_4725,Hyderabad,1,545,0,historical,0
TX10852,C1040,2026-08-05 04:26:55,2945.91,Credit Card,DEV_8143,Mumbai,0,423,0,historical,0
TX10399,C1032,2026-08-05 08:28:55,678.72,Wallet,DEV_9485,Ahmedabad,0,564,0,historical,0
TX10074,C1007,2026-08-05 08:42:55,666.73,Credit Card,DEV_3178,Pune,0,450,0,historical,0
TX10394,C1013,2026-08-05 10:19:55,1893.69,Credit Card,DEV_3905,Noida,0,616,0,historical,0
TX11021,C1033,2026-08-05 10:39:55,15443.64,Debit Card,DEV_FRAUD_BURST_99,London,2,888,0,historical,1
TX10291,C1046,2026-08-05 11:55:55,3159.83,UPI,DEV_4352,Mumbai,0,596,0,historical,0
TX10282,C1027,2026-08-05 13:39:55,9754.03,Credit Card,DEV_5616,Pune,0,842,0,historical,0
TX10035,C1011,2026-08-05 17:11:55,2341.71,Debit Card,DEV_2374,Pune,0,71,1,historical,0
TX10836,C1024,2026-08-05 17:50:55,1549.89,Debit Card,DEV_6245,Delhi,0,85,0,historical,0
TX10638,C1001,2026-08-05 20:57:55,2418.93,Debit Card,DEV_6689,Kolkata,0,590,0,historical,0
TX10190,C1041,2026-08-05 21:34:55,3556.7,Wallet,DEV_3216,Kolkata,0,798,0,historical,0
TX10336,C1018,2026-08-05 23:14:55,6126.05,Debit Card,DEV_3085,Chennai,0,151,0,historical,0
TX11054,C1047,2026-08-05 23:29:55,534.68,Credit Card,DEV_6951,Chennai,0,96,0,historical,0
TX10648,C1008,2026-08-06 01:15:55,9680.7,Netbanking,DEV_5076,Kolkata,0,428,0,historical,0
TX10265,C1003,2026-08-06 02:42:55,7524.42,UPI,DEV_5509,Hyderabad,0,34,0,historical,0
TX10739,C1043,2026-08-06 04:05:55,9716.37,Wallet,DEV_9701,Ahmedabad,1,569,0,historical,0
TX10183,C1041,2026-08-06 04:08:55,4795.48,Wallet,DEV_3216,Kolkata,0,798,0,historical,0
TX10175,C1013,2026-08-06 10:42:55,5394.13,Debit Card,DEV_3905,Noida,1,616,0,historical,0
TX10434,C1004,2026-08-06 21:26:55,4022.33,Credit Card,DEV_5548,Hyderabad,0,313,0,historical,0
TX10293,C1040,2026-08-06 23:48:55,10257.59,Wallet,DEV_2116,New York,2,423,0,historical,1
TX10837,C1001,2026-08-07 04:04:55,5432.64,Credit Card,DEV_6689,Kolkata,0,590,0,historical,0
TX10690,C1014,2026-08-07 05:37:55,3019.74,Debit Card,DEV_5128,Chennai,0,488,0,historical,0
TX11007,C1014,2026-08-07 05:42:55,4830.84,Credit Card,DEV_5128,Chennai,0,488,0,historical,0
TX10821,C1042,2026-08-07 07:51:55,11770.22,Netbanking,DEV_6487,Jaipur,1,314,0,historical,0
TX10895,C1009,2026-08-07 08:05:55,5685.49,Netbanking,DEV_3066,Kolkata,0,513,0,historical,0
TX10268,C1019,2026-08-07 08:43:55,1804.6,Debit Card,DEV_4629,Noida,0,740,0,historical,0
TX10772,C1046,2026-08-07 09:03:55,1796.01,Wallet,DEV_4352,Mumbai,0,596,0,historical,0
TX10976,C1043,2026-08-07 09:39:55,9028.43,UPI,DEV_9701,Ahmedabad,1,569,0,historical,0
TX10412,C1028,2026-08-07 11:59:55,1533.24,Wallet,DEV_6590,Jaipur,0,581,0,historical,0
TX10626,C1023,2026-08-07 12:40:55,706.58,Netbanking,DEV_2376,Gurugram,0,19,1,historical,0
TX10165,C1042,2026-08-07 16:39:55,3261.53,UPI,DEV_6487,Pune,0,314,0,historical,0
TX10416,C1003,2026-08-07 17:02:55,4032.15,Wallet,DEV_1774,Hyderabad,0,34,0,historical,0
TX10162,C1030,2026-08-07 18:19:55,4852.53,UPI,DEV_FRAUD_BURST_99,London,2,681,0,historical,1
TX10896,C1006,2026-08-07 20:29:55,2072.42,UPI,DEV_2376,Bengaluru,0,12,0,historical,0
TX11010,C1031,2026-08-07 22:02:55,1283.08,Credit Card,DEV_7645,Pune,0,598,0,historical,0
TX10266,C1019,2026-08-08 07:58:55,5892.09,Wallet,DEV_4629,Noida,1,740,0,historical,0
TX10370,C1018,2026-08-08 09:05:55,7833.02,Credit Card,DEV_3085,Chennai,0,151,0,historical,0
TX10116,C1021,2026-08-08 12:33:55,676.19,Wallet,DEV_5433,Pune,0,457,0,historical,0
TX10024,C1032,2026-08-08 17:41:55,802.8,Wallet,DEV_9485,Ahmedabad,0,564,0,historical,0
TX10545,C1025,2026-08-08 18:51:55,2781.81,Credit Card,DEV_7645,Pune,0,779,0,historical,0
TX11020,C1028,2026-08-08 21:50:55,699.62,Credit Card,DEV_6590,Jaipur,0,581,0,historical,0
TX10366,C1038,2026-08-08 22:31:55,7205.05,Credit Card,DEV_7802,Chennai,0,429,0,historical,0
TX10981,C1017,2026-08-08 23:35:55,6261.49,Netbanking,DEV_5637,Gurugram,0,256,0,historical,0
TX10928,C1000,2026-08-08 23:48:55,1257.84,Debit Card,DEV_5637,Ahmedabad,0,481,0,historical,0
TX10128,C1025,2026-08-09 05:09:55,2560.04,Credit Card,DEV_5358,Pune,0,779,0,historical,0
TX10335,C1012,2026-08-09 05:36:55,682.29,Debit Card,DEV_2111,Jaipur,0,720,0,historical,0
TX10568,C1038,2026-08-09 07:19:55,14577.3,Debit Card,DEV_6245,Hyderabad,1,429,0,historical,0
TX10806,C1044,2026-08-09 09:05:55,2466.49,Debit Card,DEV_1238,Pune,0,527,0,historical,0
TX10939,C1045,2026-08-09 11:17:55,2628.42,Debit Card,DEV_1939,Ahmedabad,0,96,0,historical,0
TX10284,C1011,2026-08-09 11:31:55,14660.27,Wallet,DEV_FRAUD_BURST_99,London,2,71,1,historical,1
TX10540,C1035,2026-08-09 11:38:55,2892.08,UPI,DEV_2201,Gurugram,0,276,0,historical,0
TX10138,C1029,2026-08-09 14:07:55,4363.03,Netbanking,DEV_5754,Mumbai,0,174,0,historical,0
TX10237,C1044,2026-08-09 15:47:55,1865.8,Debit Card,DEV_1238,Pune,0,527,0,historical,0
TX10857,C1002,2026-08-09 16:16:55,573.25,Wallet,DEV_8595,Pune,0,800,0,historical,0
TX10853,C1014,2026-08-09 16:27:55,7837.26,Debit Card,DEV_5128,Chennai,0,488,0,historical,0
TX10418,C1028,2026-08-09 20:50:55,1740.95,UPI,DEV_6590,Jaipur,0,581,0,historical,0
TX10613,C1041,2026-08-10 00:06:55,9415.75,Credit Card,DEV_3216,Kolkata,0,798,0,historical,0
TX10864,C1010,2026-08-10 00:55:55,2377.91,Debit Card,DEV_5009,Delhi,0,370,0,historical,0
TX10307,C1008,2026-08-10 02:49:55,34432.08,Credit Card,DEV_FRAUD_BURST_99,New York,2,428,0,historical,1
TX10010,C1039,2026-08-10 05:45:55,1370.53,Debit Card,DEV_5811,Ahmedabad,0,92,0,historical,0
TX10541,C1046,2026-08-10 05:50:55,1359.44,Wallet,DEV_4352,Mumbai,0,596,0,historical,0
TX10073,C1011,2026-08-10 09:36:55,3013.76,Wallet,DEV_9852,Pune,0,71,1,historical,0
TX10061,C1046,2026-08-10 10:30:55,2694.37,Netbanking,DEV_4352,Mumbai,0,596,0,historical,0
TX10765,C1007,2026-08-10 11:45:55,924.74,UPI,DEV_3091,Pune,0,450,0,historical,0
TX10835,C1010,2026-08-10 14:19:55,2858.32,Debit Card,DEV_5009,Delhi,1,370,0,historical,0
TX10238,C1044,2026-08-10 14:22:55,17028.81,Debit Card,DEV_FRAUD_BURST_99,London,2,527,0,historical,1
TX10224,C1006,2026-08-10 15:29:55,1585.79,UPI,DEV_7307,Bengaluru,0,12,0,historical,0
TX10757,C1020,2026-08-10 17:24:55,1612.32,Credit Card,DEV_2201,Jaipur,0,736,0,historical,0
TX10679,C1021,2026-08-10 17:52:55,1172.22,Wallet,DEV_5433,Pune,0,457,0,historical,0
TX10931,C1001,2026-08-10 18:02:55,15611.92,UPI,DEV_FRAUD_BURST_99,London,2,590,0,historical,1
TX10611,C1012,2026-08-10 19:50:55,3164.39,Debit Card,DEV_9840,Jaipur,1,720,0,historical,1
TX10087,C1014,2026-08-10 20:29:55,2937.28,Debit Card,DEV_5128,Chennai,0,488,0,historical,0
TX10408,C1029,2026-08-10 20:36:55,4599.86,Wallet,DEV_5754,Mumbai,0,174,0,historical,0
TX10633,C1044,2026-08-10 21:56:55,1862.89,UPI,DEV_1238,Pune,0,527,0,historical,0
TX10691,C1038,2026-08-10 22:32:55,10500.77,Wallet,DEV_6245,Kolkata,1,429,0,historical,0
TX10232,C1008,2026-08-10 23:16:55,14619.92,Netbanking,DEV_5076,Kolkata,1,428,0,historical,0
TX10746,C1039,2026-08-11 00:46:55,1225.88,UPI,DEV_5811,Ahmedabad,0,92,0,historical,0
TX10424,C1010,2026-08-11 01:26:55,2087.08,Credit Card,DEV_5009,Delhi,0,370,0,historical,0
TX10761,C1001,2026-08-11 01:52:55,14457.42,Netbanking,DEV_FRAUD_BURST_99,New York,2,590,0,historical,1
TX10949,C1009,2026-08-11 03:26:55,6044.21,Debit Card,DEV_3066,Kolkata,0,513,0,historical,0
TX10078,C1030,2026-08-11 03:46:55,3129.75,Credit Card,DEV_1491,Hyderabad,1,681,0,historical,0
TX10953,C1035,2026-08-11 03:53:55,5437.04,Debit Card,DEV_2201,Kolkata,0,276,0,historical,0
TX10719,C1005,2026-08-11 08:13:55,1671.77,Netbanking,DEV_9840,Noida,0,248,2,historical,0
TX10494,C1019,2026-08-11 08:47:55,5380.52,Netbanking,DEV_4629,Noida,1,740,0,historical,0
TX10838,C1039,2026-08-11 09:24:55,4306.5,Debit Card,DEV_8143,Ahmedabad,2,92,0,historical,1
TX10974,C1044,2026-08-11 09:53:55,4317.18,Netbanking,DEV_1238,Pune,0,527,0,historical,0
TX10328,C1023,2026-08-11 11:38:55,1274.97,Wallet,DEV_5433,Gurugram,0,19,1,historical,0
TX10045,C1002,2026-08-11 15:39:55,988.42,Wallet,DEV_8595,Noida,0,800,0,historical,0
TX10082,C1044,2026-08-11 16:48:55,4583.0,Debit Card,DEV_3085,Pune,0,527,0,historical,0
TX10622,C1029,2026-08-11 18:22:55,2024.77,Credit Card,DEV_5754,Mumbai,0,174,0,historical,0
TX10423,C1015,2026-08-11 22:02:55,2941.44,Credit Card,DEV_4305,Jaipur,0,367,0,historical,0
TX10056,C1045,2026-08-11 22:46:55,1790.79,UPI,DEV_9564,Ahmedabad,0,96,0,historical,0
TX10430,C1008,2026-08-12 01:20:55,5317.45,Credit Card,DEV_5076,Kolkata,0,428,0,historical,0
TX10834,C1001,2026-08-12 04:14:55,3579.88,Credit Card,DEV_6689,Kolkata,0,590,0,historical,0
TX10880,C1013,2026-08-12 05:11:55,3149.1,Credit Card,DEV_3905,Noida,0,616,0,historical,0
TX11044,C1003,2026-08-12 06:10:55,4319.74,Netbanking,DEV_1774,Hyderabad,1,34,0,historical,0
TX10745,C1030,2026-08-12 08:15:55,3582.92,Netbanking,DEV_1491,Chennai,1,681,0,historical,0
TX10797,C1003,2026-08-12 12:51:55,5036.17,UPI,DEV_1774,Hyderabad,0,34,0,historical,0
TX10379,C1011,2026-08-12 13:26:55,6896.16,Credit Card,DEV_2374,Pune,1,71,1,historical,0
TX10951,C1018,2026-08-12 14:12:55,4590.67,UPI,DEV_3085,Chennai,0,151,0,historical,0
TX10081,C1000,2026-08-12 17:48:55,2087.88,Wallet,DEV_5637,Ahmedabad,0,481,0,historical,0
TX10714,C1040,2026-08-12 18:10:55,2070.73,Wallet,DEV_8143,Mumbai,0,423,0,historical,0
TX10785,C1047,2026-08-12 20:56:55,583.78,Wallet,DEV_6951,Chennai,0,96,0,historical,0
TX10814,C1031,2026-08-12 21:29:55,1599.29,Debit Card,DEV_7645,Pune,0,598,0,historical,0
TX10283,C1020,2026-08-12 23:50:55,2184.25,Wallet,DEV_2201,Jaipur,0,736,0,historical,0
TX10858,C1005,2026-08-13 03:35:55,888.7,Credit Card,DEV_9840,Noida,0,248,2,historical,0
TX10178,C1001,2026-08-13 04:44:55,16215.11,Credit Card,DEV_1286,New York,4,590,0,historical,1
TX10053,C1040,2026-08-13 06:27:55,1670.64,Debit Card,DEV_8143,Mumbai,0,423,0,historical,0
TX10376,C1021,2026-08-13 08:35:55,852.83,Credit Card,DEV_5433,Pune,0,457,0,historical,0
TX10189,C1046,2026-08-13 09:09:55,2062.67,Netbanking,DEV_4352,Mumbai,0,596,0,historical,0
TX10063,C1031,2026-08-13 10:25:55,1673.38,Netbanking,DEV_7645,Pune,0,598,0,historical,0
TX10990,C1025,2026-08-13 15:23:55,4115.63,UPI,DEV_5358,Pune,1,779,0,historical,0
TX10013,C1003,2026-08-13 16:08:55,23595.14,Netbanking,DEV_FRAUD_BURST_99,New York,2,34,0,historical,1
TX10240,C1007,2026-08-13 16:37:55,4339.8,Wallet,DEV_FRAUD_BURST_99,London,2,450,0,historical,1
TX10887,C1005,2026-08-13 21:06:55,1603.08,Debit Card,DEV_9840,Noida,0,248,2,historical,0
TX10200,C1022,2026-08-13 22:10:55,1922.95,Credit Card,DEV_9840,Delhi,0,456,0,historical,0
TX10587,C1023,2026-08-13 23:27:55,2005.43,Credit Card,DEV_5433,Gurugram,0,19,1,historical,0
TX11045,C1030,2026-08-14 01:31:55,1015.99,Netbanking,DEV_1491,Chennai,0,681,0,historical,0
TX10937,C1023,2026-08-14 06:51:55,1870.71,Netbanking,DEV_5433,Gurugram,0,19,1,historical,0
TX10678,C1019,2026-08-14 07:54:55,2712.25,Netbanking,DEV_1939,Noida,0,740,0,historical,0
TX10208,C1036,2026-08-14 09:08:55,4884.64,Wallet,DEV_8839,Noida,0,816,0,historical,0
TX10213,C1027,2026-08-14 09:12:55,7147.1,Credit Card,DEV_5616,Pune,0,842,0,historical,0
TX10225,C1031,2026-08-14 12:02:55,541.77,Credit Card,DEV_9066,Pune,0,598,0,historical,0
TX10410,C1008,2026-08-14 14:00:55,5394.36,Credit Card,DEV_5076,Kolkata,0,428,0,historical,0
TX10326,C1013,2026-08-14 15:36:55,7365.23,Netbanking,DEV_8627,Noida,1,616,0,historical,1
TX11051,C1028,2026-08-14 15:40:55,1386.52,Wallet,DEV_6590,Jaipur,0,581,0,historical,0
TX10377,C1023,2026-08-14 17:07:55,2061.27,Netbanking,DEV_5433,Gurugram,0,19,1,historical,0
TX10787,C1044,2026-08-14 19:39:55,5270.59,Credit Card,DEV_6340,Pune,0,527,0,historical,0
TX11048,C1006,2026-08-14 22:13:55,3896.18,Debit Card,DEV_2376,Bengaluru,0,12,0,historical,0
TX10776,C1000,2026-08-15 05:06:55,3329.83,Netbanking,DEV_4309,Ahmedabad,1,481,0,historical,1
TX10361,C1042,2026-08-15 10:09:55,8674.23,Netbanking,DEV_6487,Kolkata,0,314,0,historical,0
TX10034,C1022,2026-08-15 13:44:55,6514.09,Wallet,DEV_FRAUD_BURST_99,New York,2,456,0,historical,1
TX10437,C1035,2026-08-15 14:11:55,6200.34,Wallet,DEV_2201,Kolkata,0,276,0,historical,0
TX10105,C1019,2026-08-15 15:34:55,2445.37,Debit Card,DEV_4629,Noida,0,740,0,historical,0
TX10694,C1024,2026-08-15 16:04:55,2602.6,Wallet,DEV_6245,Delhi,0,85,0,historical,0
TX10802,C1000,2026-08-15 17:01:55,1132.24,UPI,DEV_5637,Ahmedabad,0,481,0,historical,0
TX10066,C1006,2026-08-15 17:18:55,8726.08,UPI,DEV_9852,Bengaluru,3,12,0,historical,1
TX10792,C1022,2026-08-15 19:22:55,7033.53,Debit Card,DEV_9271,New York,1,456,0,historical,1
TX10661,C1001,2026-08-15 22:07:55,5396.61,Netbanking,DEV_6689,Kolkata,0,590,0,historical,0
TX10675,C1036,2026-08-15 22:13:55,12602.68,Credit Card,DEV_8839,Jaipur,1,816,0,historical,0
TX10164,C1042,2026-08-16 00:41:55,15352.32,Netbanking,DEV_9840,Jaipur,2,314,0,historical,1
TX10972,C1000,2026-08-16 00:43:55,1600.19,UPI,DEV_5637,Ahmedabad,0,481,0,historical,0
TX10693,C1029,2026-08-16 00:52:55,4335.49,Wallet,DEV_5754,Mumbai,0,174,0,historical,0
TX10122,C1043,2026-08-16 03:51:55,2039.62,UPI,DEV_1746,Ahmedabad,0,569,0,historical,0
TX10179,C1047,2026-08-16 04:19:55,429.6,Netbanking,DEV_6951,Chennai,0,96,0,historical,0
TX10009,C1036,2026-08-16 04:20:55,6699.73,Credit Card,DEV_8839,Jaipur,0,816,0,historical,0
TX10195,C1003,2026-08-16 04:51:55,7474.68,Wallet,DEV_1774,Delhi,1,34,0,historical,0
TX10369,C1036,2026-08-16 05:18:55,5028.99,Netbanking,DEV_8839,Jaipur,0,816,0,historical,0
TX10106,C1030,2026-08-16 08:17:55,1600.46,Netbanking,DEV_1491,Chennai,0,681,0,historical,0
TX10015,C1001,2026-08-16 08:18:55,3173.63,Wallet,DEV_6689,Kolkata,0,590,0,historical,0
TX10060,C1043,2026-08-16 09:54:55,8851.4,UPI,DEV_9701,Ahmedabad,1,569,0,historical,0
TX10522,C1004,2026-08-16 12:19:55,4077.44,Netbanking,DEV_5548,Hyderabad,0,313,0,historical,0
TX10465,C1018,2026-08-16 12:35:55,2621.0,Credit Card,DEV_3085,Chennai,0,151,0,historical,0
TX10414,C1029,2026-08-16 13:24:55,1999.96,Debit Card,DEV_5754,Mumbai,0,174,0,historical,0
TX10129,C1027,2026-08-16 14:04:55,12849.64,Debit Card,DEV_5616,Hyderabad,1,842,0,historical,0
TX10683,C1007,2026-08-16 17:28:55,1406.47,Debit Card,DEV_3178,Pune,0,450,0,historical,0
TX10869,C1009,2026-08-16 19:36:55,4977.75,Netbanking,DEV_3066,Kolkata,0,513,0,historical,0
TX10862,C1028,2026-08-16 21:19:55,2478.29,Netbanking,DEV_5616,Jaipur,0,581,0,historical,0
TX11017,C1015,2026-08-17 00:26:55,6503.25,Netbanking,DEV_4305,Jaipur,0,367,0,historical,0
TX10596,C1025,2026-08-17 07:15:55,1728.34,Debit Card,DEV_5358,Pune,0,779,0,historical,0
TX10901,C1016,2026-08-17 07:35:55,5417.89,Credit Card,DEV_4981,Noida,0,580,0,historical,0
TX10126,C1047,2026-08-17 08:07:55,2187.13,Netbanking,DEV_FRAUD_BURST_99,London,2,96,0,historical,1
TX10275,C1046,2026-08-17 09:30:55,4491.83,Debit Card,DEV_7802,Mumbai,0,596,0,historical,0
TX10475,C1027,2026-08-17 11:05:55,7005.29,Debit Card,DEV_5616,Pune,0,842,0,historical,0
TX10944,C1036,2026-08-17 12:47:55,5203.89,Netbanking,DEV_8839,Jaipur,0,816,0,historical,0
TX10884,C1014,2026-08-17 13:56:55,8449.14,Debit Card,DEV_9701,Chennai,0,488,0,historical,0
TX10263,C1043,2026-08-17 15:20:55,3276.2,Debit Card,DEV_9701,Ahmedabad,0,569,0,historical,0
TX11032,C1027,2026-08-17 16:12:55,5434.54,Netbanking,DEV_5616,Pune,0,842,0,historical,0
TX10804,C1006,2026-08-17 21:48:55,2241.71,Netbanking,DEV_2376,Mumbai,1,12,0,historical,0
TX10443,C1009,2026-08-17 23:22:55,18211.67,Debit Card,DEV_3066,Kolkata,1,513,0,historical,0
TX10933,C1026,2026-08-18 04:55:55,19799.12,Netbanking,DEV_FRAUD_BURST_99,New York,2,545,0,historical,1
TX10319,C1004,2026-08-18 05:26:55,2667.18,UPI,DEV_5548,Hyderabad,0,313,0,historical,0
TX10155,C1015,2026-08-18 05:55:55,8229.18,Wallet,DEV_4305,Jaipur,0,367,0,historical,0
TX10986,C1046,2026-08-18 06:05:55,2597.06,Netbanking,DEV_4352,Mumbai,0,596,0,historical,0
TX10819,C1012,2026-08-18 06:19:55,547.48,Debit Card,DEV_6481,Jaipur,0,720,0,historical,0
TX10840,C1036,2026-08-18 07:31:55,6442.54,UPI,DEV_8839,Jaipur,1,816,0,historical,0
TX10400,C1001,2026-08-18 14:11:55,4141.7,Netbanking,DEV_6689,Kolkata,0,590,0,historical,0
TX10027,C1022,2026-08-18 15:18:55,901.02,Wallet,DEV_9840,Delhi,0,456,0,historical,0
TX11015,C1013,2026-08-18 17:22:55,6200.08,Netbanking,DEV_3905,Noida,1,616,0,historical,0
TX10730,C1001,2026-08-18 17:44:55,7731.13,Netbanking,DEV_6689,Chennai,1,590,0,historical,0
TX10204,C1035,2026-08-18 20:52:55,4174.47,Debit Card,DEV_2201,Kolkata,0,276,0,historical,0
TX10595,C1042,2026-08-18 22:33:55,7363.88,Debit Card,DEV_6487,Jaipur,1,314,0,historical,0
TX10674,C1032,2026-08-19 01:02:55,1138.58,Wallet,DEV_9485,Bengaluru,0,564,0,historical,0
TX10243,C1036,2026-08-19 02:01:55,4254.54,Netbanking,DEV_8839,Jaipur,0,816,0,historical,0
TX10594,C1007,2026-08-19 04:14:55,484.74,Wallet,DEV_3178,Pune,0,450,0,historical,0
TX10924,C1005,2026-08-19 07:02:55,2958.09,Credit Card,DEV_9840,Noida,0,248,2,historical,0
TX10040,C1044,2026-08-19 09:52:55,4067.04,Debit Card,DEV_6573,Pune,0,527,0,historical,0
TX10735,C1031,2026-08-19 13:26:55,478.55,Credit Card,DEV_7645,Pune,0,598,0,historical,0
TX10559,C1026,2026-08-19 13:48:55,19689.73,UPI,DEV_4725,Hyderabad,1,545,0,historical,0
TX10845,C1023,2026-08-19 13:57:55,1586.85,Credit Card,DEV_1491,Gurugram,0,19,1,historical,0
TX10077,C1028,2026-08-19 15:29:55,1817.13,Netbanking,DEV_6590,Jaipur,0,581,0,historical,0
TX10791,C1026,2026-08-19 15:40:55,4991.28,Netbanking,DEV_4725,Hyderabad,0,545,0,historical,0
TX10146,C1020,2026-08-19 16:00:55,16237.73,Netbanking,DEV_5616,New York,1,736,0,historical,1
TX10145,C1031,2026-08-20 02:51:55,1048.48,Credit Card,DEV_7645,Pune,0,598,0,historical,0
TX10124,C1011,2026-08-20 04:42:55,7969.04,Netbanking,DEV_8627,Pune,2,71,1,historical,1
TX10588,C1018,2026-08-20 05:55:55,28895.07,Wallet,DEV_3085,Chennai,5,151,0,historical,1
TX10659,C1010,2026-08-20 11:43:55,1783.7,Debit Card,DEV_5009,Hyderabad,0,370,0,historical,0
TX10090,C1001,2026-08-20 13:45:55,3632.71,Debit Card,DEV_6689,Kolkata,0,590,0,historical,0
TX10621,C1014,2026-08-20 15:34:55,12727.38,Credit Card,DEV_8579,Chennai,1,488,0,historical,1
TX10935,C1024,2026-08-20 15:40:55,4835.58,Credit Card,DEV_6245,Delhi,0,85,0,historical,0
TX10239,C1027,2026-08-20 18:16:55,4196.18,Netbanking,DEV_5616,Pune,0,842,0,historical,0
TX11052,C1013,2026-08-20 21:48:55,5353.76,UPI,DEV_6590,Noida,1,616,0,historical,1
TX10646,C1001,2026-08-20 22:46:55,3450.08,Wallet,DEV_6689,Kolkata,1,590,0,historical,0
TX10391,C1000,2026-08-21 00:37:55,716.67,Netbanking,DEV_5637,Ahmedabad,0,481,0,historical,0
TX10491,C1044,2026-08-21 01:54:55,7904.28,UPI,DEV_1238,Pune,1,527,0,historical,0
TX10459,C1041,2026-08-21 02:09:55,5556.4,UPI,DEV_3216,Kolkata,0,798,0,historical,0
TX11029,C1015,2026-08-21 02:23:55,4656.3,Wallet,DEV_4305,Jaipur,0,367,0,historical,0
TX10382,C1027,2026-08-21 03:23:55,3929.16,Credit Card,DEV_5616,Pune,0,842,0,historical,0
TX10160,C1001,2026-08-21 07:21:55,3703.91,Credit Card,DEV_6689,Mumbai,0,590,0,historical,0
TX10995,C1018,2026-08-21 08:06:55,2400.95,Wallet,DEV_3085,Chennai,0,151,0,historical,0
TX10800,C1042,2026-08-21 08:45:55,5307.54,UPI,DEV_6487,Jaipur,0,314,0,historical,0
TX10574,C1004,2026-08-21 09:18:55,3439.28,Credit Card,DEV_5790,Hyderabad,0,313,0,historical,0
TX10833,C1042,2026-08-21 10:06:55,9433.58,Debit Card,DEV_9840,Jaipur,0,314,0,historical,0
TX10384,C1007,2026-08-21 12:00:55,1423.65,Netbanking,DEV_3178,Pune,0,450,0,historical,0
TX10584,C1011,2026-08-21 13:04:55,18040.5,Debit Card,DEV_1440,London,2,71,1,historical,1
TX10500,C1012,2026-08-21 15:43:55,549.0,Debit Card,DEV_2111,Jaipur,0,720,0,historical,0
TX10866,C1015,2026-08-21 15:56:55,4973.67,Wallet,DEV_4305,Jaipur,0,367,0,historical,0
TX10248,C1044,2026-08-21 18:38:55,4715.54,UPI,DEV_1238,Pune,0,527,0,historical,0
TX11047,C1013,2026-08-21 20:03:55,11711.91,Netbanking,DEV_3905,Noida,3,616,0,historical,1
TX10571,C1023,2026-08-21 21:36:55,1485.88,Credit Card,DEV_5433,Gurugram,0,19,1,historical,0
TX10635,C1040,2026-08-22 02:13:55,11461.57,Credit Card,DEV_8143,Mumbai,4,423,0,historical,1
TX10019,C1005,2026-08-22 04:20:55,1548.05,UPI,DEV_9840,Noida,0,248,2,historical,0
TX10589,C1043,2026-08-22 06:05:55,3791.69,UPI,DEV_2676,Ahmedabad,0,569,0,historical,0
TX10311,C1039,2026-08-22 11:11:55,1674.68,Netbanking,DEV_9852,Ahmedabad,0,92,0,historical,0
TX10390,C1012,2026-08-22 12:00:55,1080.31,UPI,DEV_2111,Jaipur,0,720,0,historical,0
TX10226,C1014,2026-08-22 13:28:55,5269.21,UPI,DEV_5128,Chennai,0,488,0,historical,0
TX10011,C1045,2026-08-22 13:41:55,7118.5,UPI,DEV_4981,Ahmedabad,1,96,0,historical,1
TX10222,C1028,2026-08-22 17:03:55,1550.73,Debit Card,DEV_6590,Jaipur,0,581,0,historical,0
TX10020,C1028,2026-08-23 00:58:55,1820.06,Debit Card,DEV_6590,Jaipur,0,581,0,historical,0
TX10829,C1022,2026-08-23 02:22:55,1328.22,UPI,DEV_9840,Delhi,0,456,0,historical,0
TX10231,C1016,2026-08-23 02:46:55,5398.2,Debit Card,DEV_4981,Noida,0,580,0,historical,0
TX10185,C1023,2026-08-23 05:57:55,2327.59,Debit Card,DEV_5433,Gurugram,1,19,1,historical,0
TX10406,C1021,2026-08-23 08:15:55,3437.46,Debit Card,DEV_5433,Pune,1,457,0,historical,0
TX10619,C1027,2026-08-23 09:35:55,35359.44,Wallet,DEV_5616,Pune,2,842,0,historical,1
TX10936,C1030,2026-08-23 10:59:55,1686.69,Netbanking,DEV_1491,Chennai,0,681,0,historical,0
TX10649,C1030,2026-08-23 20:26:55,784.51,Netbanking,DEV_1491,Chennai,0,681,0,historical,0
TX10101,C1002,2026-08-23 20:56:55,1208.05,Credit Card,DEV_8595,Noida,0,800,0,historical,0
TX10473,C1043,2026-08-23 22:42:55,3285.74,Wallet,DEV_9701,Ahmedabad,0,569,0,historical,0
TX10221,C1000,2026-08-24 01:20:55,1948.81,UPI,DEV_5637,Ahmedabad,0,481,0,historical,0
TX10780,C1020,2026-08-24 02:01:55,12548.21,Wallet,DEV_FRAUD_BURST_99,London,2,736,0,historical,1
TX10025,C1018,2026-08-24 05:38:55,6415.89,Wallet,DEV_3085,Chennai,0,151,0,historical,0
TX10969,C1008,2026-08-24 09:52:55,11653.04,Netbanking,DEV_5076,Kolkata,0,428,0,historical,0
TX10629,C1038,2026-08-24 10:05:55,27268.64,Credit Card,DEV_4031,London,4,429,0,historical,1
TX10848,C1006,2026-08-24 10:20:55,6289.09,Debit Card,DEV_2376,Bengaluru,1,12,0,historical,0
TX10537,C1037,2026-08-24 11:48:55,5097.89,UPI,DEV_2173,Gurugram,1,86,1,historical,0
TX10997,C1026,2026-08-24 12:15:55,4388.15,Netbanking,DEV_4725,Hyderabad,0,545,0,historical,0
TX10108,C1043,2026-08-24 13:18:55,2928.44,Credit Card,DEV_9701,Ahmedabad,0,569,0,historical,0
TX10548,C1041,2026-08-24 14:08:55,4260.85,Credit Card,DEV_4016,Kolkata,0,798,0,historical,0
TX10778,C1016,2026-08-24 19:04:55,5027.02,Netbanking,DEV_4981,Bengaluru,0,580,0,historical,0
TX10817,C1036,2026-08-24 20:06:55,4750.67,Credit Card,DEV_8839,Jaipur,1,816,0,historical,0
TX10843,C1013,2026-08-24 22:23:55,3909.48,Debit Card,DEV_3085,Noida,0,616,0,historical,0
TX10440,C1023,2026-08-24 23:45:55,2084.14,Netbanking,DEV_1843,Gurugram,0,19,1,historical,0
TX10448,C1027,2026-08-25 02:19:55,9911.73,Netbanking,DEV_5616,Pune,0,842,0,historical,0
TX10582,C1003,2026-08-25 02:47:55,2014.74,Credit Card,DEV_1774,Ahmedabad,0,34,0,historical,0
TX10733,C1031,2026-08-25 02:48:55,1632.87,Credit Card,DEV_7645,Pune,0,598,0,historical,0
TX10569,C1016,2026-08-25 05:08:55,3926.22,UPI,DEV_4981,Noida,0,580,0,historical,0
TX10125,C1044,2026-08-25 06:07:55,3537.19,Wallet,DEV_1238,Pune,0,527,0,historical,0
TX10670,C1005,2026-08-25 07:28:55,1176.06,Netbanking,DEV_9840,Noida,0,248,2,historical,0
TX10736,C1005,2026-08-25 09:04:55,1731.63,Credit Card,DEV_9840,Noida,0,248,2,historical,0
TX10823,C1007,2026-08-25 10:35:55,626.42,Credit Card,DEV_3178,Pune,0,450,0,historical,0
TX10696,C1004,2026-08-25 10:58:55,12330.47,UPI,DEV_5548,Hyderabad,2,313,0,historical,1
TX10903,C1013,2026-08-25 11:52:55,2347.89,Debit Card,DEV_3905,Noida,0,616,0,historical,0
TX10909,C1022,2026-08-25 12:57:55,1482.74,Debit Card,DEV_9840,Delhi,0,456,0,historical,0
TX10148,C1040,2026-08-25 13:12:55,3696.27,Wallet,DEV_8143,Mumbai,1,423,0,historical,0
TX10380,C1035,2026-08-25 13:21:55,1806.02,UPI,DEV_2201,Kolkata,1,276,0,historical,0
TX10879,C1016,2026-08-25 17:08:55,9915.85,Credit Card,DEV_4981,Noida,1,580,0,historical,0
TX10199,C1041,2026-08-25 20:58:55,18244.36,Credit Card,DEV_8579,Kolkata,3,798,0,historical,1
TX10743,C1037,2026-08-25 23:07:55,6439.97,Debit Card,DEV_3122,Delhi,3,86,1,historical,1
TX10051,C1010,2026-08-26 09:02:55,9446.54,Credit Card,DEV_1774,London,4,370,0,historical,1
TX10340,C1000,2026-08-26 12:35:55,2798.08,Debit Card,DEV_5637,Gurugram,1,481,0,historical,0
TX10286,C1038,2026-08-26 13:52:55,23697.17,Credit Card,DEV_6487,New York,3,429,0,historical,1
TX10731,C1003,2026-08-26 15:14:55,5994.56,Netbanking,DEV_1774,Hyderabad,0,34,0,historical,0
TX10971,C1036,2026-08-26 16:59:55,3488.39,Debit Card,DEV_8839,Jaipur,0,816,0,historical,0
TX11038,C1005,2026-08-26 18:58:55,5563.28,Credit Card,DEV_9840,Noida,1,248,2,historical,0
TX10844,C1012,2026-08-26 23:18:55,881.66,Credit Card,DEV_2111,Jaipur,0,720,0,historical,0
TX10651,C1028,2026-08-27 01:13:55,895.02,Netbanking,DEV_6590,Jaipur,0,581,0,historical,0
TX10654,C1027,2026-08-27 06:19:55,6844.61,Debit Card,DEV_5616,Pune,0,842,0,historical,0
TX10702,C1013,2026-08-27 06:31:55,3815.64,Wallet,DEV_3905,Noida,0,616,0,historical,0
TX10994,C1016,2026-08-27 11:01:55,10181.58,UPI,DEV_4981,Noida,1,580,0,historical,0
TX10891,C1015,2026-08-27 12:21:55,6936.05,Netbanking,DEV_4305,Jaipur,1,367,0,historical,0
TX10925,C1005,2026-08-27 14:09:55,1427.87,Credit Card,DEV_9840,Noida,0,248,2,historical,0
TX10930,C1032,2026-08-27 15:38:55,573.79,Credit Card,DEV_9485,Ahmedabad,0,564,0,historical,0
TX10754,C1043,2026-08-27 15:55:55,5101.93,Netbanking,DEV_9701,Ahmedabad,0,569,0,historical,0
TX10273,C1009,2026-08-27 18:34:55,43827.14,Debit Card,DEV_8355,London,4,513,0,historical,1
TX10029,C1039,2026-08-27 19:41:55,1327.06,Debit Card,DEV_5811,Mumbai,0,92,0,historical,0
TX10211,C1030,2026-08-27 22:43:55,696.47,UPI,DEV_1491,Chennai,0,681,0,historical,0
TX10712,C1010,2026-08-28 01:03:55,1022.87,Debit Card,DEV_5009,Delhi,0,370,0,historical,0
TX10174,C1002,2026-08-28 02:27:55,1411.12,Credit Card,DEV_8595,Pune,1,800,0,historical,0
TX10579,C1020,2026-08-28 03:03:55,2877.66,Debit Card,DEV_2201,Jaipur,0,736,0,historical,0
TX10701,C1023,2026-08-28 05:05:55,1262.64,Wallet,DEV_5433,Gurugram,0,19,1,historical,0
TX10523,C1009,2026-08-28 06:45:55,38725.07,Wallet,DEV_3066,New York,2,513,0,historical,1
TX10534,C1043,2026-08-28 12:15:55,5759.03,UPI,DEV_6590,Ahmedabad,0,569,0,historical,0
TX10658,C1012,2026-08-28 14:12:55,721.95,Netbanking,DEV_2111,Jaipur,0,720,0,historical,0
TX10886,C1018,2026-08-28 19:33:55,7688.83,UPI,DEV_3085,Chennai,0,151,0,historical,0
TX10749,C1009,2026-08-28 20:53:55,10280.61,UPI,DEV_3066,Kolkata,0,513,0,historical,0
TX10509,C1017,2026-08-28 23:41:55,3787.73,Credit Card,DEV_5637,Gurugram,0,256,0,historical,0
TX10147,C1012,2026-08-29 00:01:55,1527.57,UPI,DEV_2116,Jaipur,0,720,0,historical,0
TX10188,C1002,2026-08-29 07:53:55,1040.02,Debit Card,DEV_8595,Noida,0,800,0,historical,0
TX10109,C1022,2026-08-29 07:55:55,1781.71,Wallet,DEV_6951,Delhi,0,456,0,historical,0
TX10198,C1005,2026-08-29 09:07:55,2529.16,Credit Card,DEV_9840,Noida,0,248,2,historical,0
TX10467,C1007,2026-08-29 10:33:55,1029.12,UPI,DEV_3178,Pune,0,450,0,historical,0
TX10067,C1034,2026-08-29 14:11:55,3566.21,Credit Card,DEV_1774,Mumbai,1,193,0,historical,0
TX10303,C1042,2026-08-29 14:18:55,7885.37,Netbanking,DEV_6487,Jaipur,0,314,0,historical,0
TX10631,C1043,2026-08-29 15:18:55,9234.83,Wallet,DEV_9701,Chennai,1,569,0,historical,0
TX10888,C1044,2026-08-29 16:18:55,1999.01,Netbanking,DEV_1238,Pune,0,527,0,historical,0
TX10592,C1008,2026-08-29 18:46:55,6732.48,Netbanking,DEV_5076,Kolkata,0,428,0,historical,0
TX10320,C1030,2026-08-29 19:38:55,5577.73,UPI,DEV_4309,London,4,681,0,historical,1
TX10861,C1023,2026-08-29 23:20:55,2611.84,Credit Card,DEV_5433,Jaipur,1,19,1,historical,0
TX10667,C1010,2026-08-30 01:57:55,2124.48,Credit Card,DEV_5009,Delhi,0,370,0,historical,0
TX10562,C1001,2026-08-30 03:05:55,12371.75,Debit Card,DEV_3851,Kolkata,1,590,0,historical,1
TX10212,C1036,2026-08-30 07:30:55,5970.16,Wallet,DEV_8839,Jaipur,0,816,0,historical,0
TX10257,C1009,2026-08-30 08:12:55,3087.21,Netbanking,DEV_3066,Kolkata,0,513,0,historical,0
TX10542,C1000,2026-08-30 08:39:55,2039.84,Netbanking,DEV_5637,Ahmedabad,0,481,0,historical,0
TX10387,C1011,2026-08-30 09:44:55,3963.6,Netbanking,DEV_2374,Pune,0,71,1,historical,0
TX10309,C1029,2026-08-30 11:48:55,3741.31,UPI,DEV_5754,Mumbai,0,174,0,historical,0
TX10385,C1001,2026-08-30 12:50:55,27652.19,Debit Card,DEV_6689,Kolkata,3,590,0,historical,1
TX10133,C1027,2026-08-30 14:39:55,6238.96,Credit Card,DEV_5616,Pune,0,842,0,historical,0
TX10709,C1002,2026-08-30 15:37:55,536.54,Debit Card,DEV_8595,Noida,0,800,0,historical,0
TX10474,C1032,2026-08-30 16:31:55,1685.57,Wallet,DEV_9485,Ahmedabad,1,564,0,historical,0
TX10826,C1011,2026-08-30 18:09:55,1418.86,Credit Card,DEV_2374,Pune,0,71,1,historical,0
TX10228,C1010,2026-08-30 23:43:55,1385.09,Wallet,DEV_5009,Delhi,0,370,0,historical,0
TX10742,C1024,2026-08-31 00:37:55,4170.09,Wallet,DEV_7645,Delhi,0,85,0,historical,0
TX10604,C1046,2026-08-31 01:46:55,2775.08,Debit Card,DEV_4352,Mumbai,0,596,0,historical,0
TX10920,C1014,2026-08-31 01:52:55,8812.72,Credit Card,DEV_5128,Chennai,0,488,0,historical,0
TX10233,C1005,2026-08-31 02:13:55,2144.87,Wallet,DEV_9840,Noida,0,248,2,historical,0
TX10330,C1006,2026-08-31 02:57:55,6383.38,Netbanking,DEV_2376,Kolkata,1,12,0,historical,0
TX10897,C1041,2026-08-31 03:25:55,8169.47,Debit Card,DEV_3216,Kolkata,1,798,0,historical,0
TX10217,C1019,2026-08-31 05:50:55,1275.28,Debit Card,DEV_4629,Noida,0,740,0,historical,0
TX10807,C1032,2026-08-31 07:16:55,376.87,UPI,DEV_9485,Ahmedabad,0,564,0,historical,0
TX10748,C1022,2026-08-31 08:18:55,745.0,Debit Card,DEV_9840,Delhi,0,456,0,historical,0
TX10672,C1016,2026-08-31 09:40:55,5568.57,Credit Card,DEV_4981,Gurugram,0,580,0,historical,0
TX10512,C1040,2026-08-31 11:11:55,1779.45,Wallet,DEV_8143,Mumbai,0,423,0,historical,0
TX10181,C1008,2026-08-31 12:25:55,5853.19,Wallet,DEV_5076,Kolkata,1,428,0,historical,0
TX10142,C1004,2026-08-31 18:38:55,6262.89,Credit Card,DEV_5548,Hyderabad,1,313,0,historical,0
TX10439,C1015,2026-08-31 20:51:55,7391.39,Wallet,DEV_4305,Jaipur,0,367,0,historical,0
TX10454,C1006,2026-08-31 22:37:55,3421.86,Wallet,DEV_2376,Bengaluru,0,12,0,historical,0
TX11003,C1046,2026-08-31 22:39:55,3048.67,UPI,DEV_4352,Mumbai,0,596,0,historical,0
TX10294,C1040,2026-08-31 23:57:55,3002.04,Debit Card,DEV_8143,Mumbai,0,423,0,historical,0
TX10919,C1038,2026-09-01 01:05:55,13726.36,Netbanking,DEV_6245,Chennai,1,429,0,historical,0
TX10577,C1031,2026-09-01 02:36:55,719.49,Netbanking,DEV_7645,Pune,0,598,0,historical,0
TX10123,C1035,2026-09-01 06:21:55,5932.3,Credit Card,DEV_2201,Kolkata,0,276,0,historical,0
TX10388,C1014,2026-09-01 06:44:55,5790.2,Credit Card,DEV_5128,Chennai,0,488,0,historical,0
TX10378,C1002,2026-09-01 06:56:55,1971.44,Credit Card,DEV_8595,Noida,1,800,0,historical,0
TX10966,C1033,2026-09-01 08:16:55,5291.16,Wallet,DEV_2173,Delhi,0,888,0,historical,0
TX10624,C1030,2026-09-01 08:55:55,695.14,Credit Card,DEV_1491,Chennai,0,681,0,historical,0
TX10362,C1038,2026-09-01 12:59:55,5247.52,Wallet,DEV_6245,Chennai,0,429,0,historical,0
TX10209,C1013,2026-09-01 14:00:55,5514.49,Credit Card,DEV_3905,Pune,1,616,0,historical,0
TX10150,C1031,2026-09-01 16:27:55,956.79,Netbanking,DEV_7645,Delhi,0,598,0,historical,0
TX10049,C1012,2026-09-01 21:12:55,1444.77,Wallet,DEV_2111,Jaipur,0,720,0,historical,0
TX10566,C1002,2026-09-01 23:26:55,1809.48,Netbanking,DEV_8595,Jaipur,1,800,0,historical,0
TX10795,C1043,2026-09-02 03:02:55,8764.77,Wallet,DEV_9701,Pune,1,569,0,historical,0
TX10988,C1030,2026-09-02 08:21:55,3959.42,UPI,DEV_1491,Chennai,1,681,0,historical,0
TX10008,C1019,2026-09-02 09:26:55,883.83,Debit Card,DEV_4629,Noida,0,740,0,historical,0
TX11018,C1009,2026-09-02 09:57:55,4663.59,UPI,DEV_3066,Ahmedabad,0,513,0,historical,0
TX10357,C1019,2026-09-02 14:36:55,2463.56,Wallet,DEV_4309,Noida,0,740,0,historical,0
TX10610,C1028,2026-09-02 16:05:55,4225.52,Netbanking,DEV_6590,Jaipur,1,581,0,historical,0
TX10984,C1043,2026-09-02 17:15:55,6196.5,Wallet,DEV_9701,Ahmedabad,0,569,0,historical,0
TX10261,C1014,2026-09-02 17:25:55,40980.4,UPI,DEV_5128,Chennai,4,488,0,historical,1
TX10867,C1025,2026-09-02 18:35:55,1581.46,Credit Card,DEV_5358,Pune,0,779,0,historical,0
TX10442,C1045,2026-09-03 00:57:55,5682.09,Debit Card,DEV_5433,Ahmedabad,2,96,0,historical,1
TX10593,C1017,2026-09-03 02:25:55,3706.09,UPI,DEV_5637,Gurugram,0,256,0,historical,0
TX10726,C1041,2026-09-03 03:01:55,9493.51,Debit Card,DEV_3216,Kolkata,0,798,0,historical,0
TX10980,C1012,2026-09-03 08:27:55,3987.32,Wallet,DEV_FRAUD_BURST_99,London,2,720,0,historical,1
TX10750,C1011,2026-09-03 12:35:55,4019.52,Netbanking,DEV_2374,Pune,0,71,1,historical,0
TX10591,C1044,2026-09-03 12:36:55,7167.84,Wallet,DEV_1238,Pune,1,527,0,historical,0
TX10516,C1017,2026-09-03 13:05:55,3246.84,Debit Card,DEV_5637,Gurugram,0,256,0,historical,0
TX10483,C1036,2026-09-03 14:29:55,8797.11,Netbanking,DEV_8839,Gurugram,1,816,0,historical,0
TX11002,C1003,2026-09-03 14:56:55,8443.6,Wallet,DEV_1774,Mumbai,1,34,0,historical,0
TX10055,C1046,2026-09-03 15:01:55,3074.66,Credit Card,DEV_4352,Mumbai,0,596,0,historical,0
TX11183,C1026,2026-09-03 18:01:55,9827.18,Wallet,DEV_9914,Hyderabad,0,545,0,current,0
TX11166,C1032,2026-09-03 18:14:55,1116.03,Debit Card,DEV_9485,Ahmedabad,0,564,0,current,0
TX11199,C1007,2026-09-03 18:19:55,595.64,UPI,DEV_3178,Pune,0,450,0,current,0
TX11157,C1036,2026-09-03 18:40:55,3089.81,Credit Card,DEV_8839,Jaipur,0,816,0,current,0
TX11090,C1000,2026-09-03 18:42:55,751.55,Debit Card,DEV_5637,Ahmedabad,0,481,0,current,0
TX11098,C1002,2026-09-03 18:43:55,1356.47,UPI,DEV_3337,Noida,0,800,0,current,0
TX11175,C1035,2026-09-03 19:02:55,25596.15,Wallet,DEV_2676,London,1,276,0,current,1
TX11096,C1041,2026-09-03 19:08:55,33295.47,Credit Card,DEV_3216,Kolkata,3,798,0,current,1
TX11119,C1046,2026-09-03 19:31:55,3441.51,Credit Card,DEV_4352,Mumbai,0,596,0,current,0
TX11056,C1039,2026-09-03 19:46:55,2765.47,Netbanking,DEV_5811,Ahmedabad,1,92,0,current,0
TX11116,C1016,2026-09-03 20:03:55,2155.99,Credit Card,DEV_4981,Noida,0,580,0,current,0
TX11132,C1046,2026-09-03 21:07:55,2428.4,Debit Card,DEV_4352,Mumbai,0,596,0,current,0
TX11099,C1004,2026-09-03 21:09:55,6053.37,Credit Card,DEV_1601,Hyderabad,3,313,0,current,1
TX11111,C1011,2026-09-03 21:18:55,3644.56,Wallet,DEV_2374,Pune,0,71,1,current,0
TX11120,C1043,2026-09-03 21:24:55,3178.62,UPI,DEV_9701,Ahmedabad,0,569,0,current,0
TX11197,C1033,2026-09-03 21:29:55,2388.93,Wallet,DEV_2173,Delhi,0,888,0,current,0
TX11062,C1031,2026-09-03 21:41:55,504.97,Debit Card,DEV_7645,Pune,0,598,0,current,0
TX11080,C1035,2026-09-03 21:42:55,5585.17,Debit Card,DEV_2201,Kolkata,0,276,0,current,0
TX11145,C1006,2026-09-03 21:50:55,3139.73,UPI,DEV_2376,Bengaluru,0,12,0,current,0
TX11068,C1033,2026-09-03 22:00:55,4940.85,UPI,DEV_2173,Delhi,0,888,0,current,0
TX11152,C1041,2026-09-03 22:08:55,3173.8,Debit Card,DEV_3216,Kolkata,0,798,0,current,0
TX11081,C1006,2026-09-03 22:09:55,1563.9,Netbanking,DEV_2376,Bengaluru,0,12,0,current,0
TX11180,C1041,2026-09-03 22:09:55,8159.68,Credit Card,DEV_3216,Kolkata,0,798,0,current,0
TX11148,C1036,2026-09-03 22:15:55,4124.75,Debit Card,DEV_8839,Pune,0,816,0,current,0
TX11058,C1033,2026-09-03 22:17:55,3229.31,Netbanking,DEV_2173,Delhi,0,888,0,current,0
TX10616,C1008,2026-09-03 22:24:55,8296.06,Debit Card,DEV_5076,Noida,0,428,0,historical,0
TX11182,C1042,2026-09-03 22:56:55,52130.38,Wallet,DEV_6487,Jaipur,4,314,0,current,1
TX11187,C1044,2026-09-03 23:13:55,4147.71,Wallet,DEV_1238,Pune,0,527,0,current,0
TX11144,C1032,2026-09-03 23:30:55,1018.76,Credit Card,DEV_9485,Ahmedabad,0,564,0,current,0
TX11064,C1027,2026-09-03 23:34:55,4527.93,UPI,DEV_5616,Pune,0,842,0,current,0
TX11189,C1009,2026-09-03 23:44:55,15849.8,Credit Card,DEV_3066,Kolkata,1,513,0,current,0
TX11123,C1007,2026-09-03 23:48:55,834.74,Credit Card,DEV_3178,Pune,0,450,0,current,0
TX11059,C1015,2026-09-04 00:03:55,11431.34,UPI,DEV_6689,Jaipur,0,367,0,current,0
TX11143,C1004,2026-09-04 00:11:55,3014.1,Credit Card,DEV_5548,Hyderabad,0,313,0,current,0
TX11065,C1029,2026-09-04 00:12:55,3521.69,Netbanking,DEV_5754,Mumbai,0,174,0,current,0
TX11169,C1021,2026-09-04 00:13:55,979.71,Debit Card,DEV_5433,Pune,0,457,0,current,0
TX11158,C1028,2026-09-04 00:27:55,659.54,UPI,DEV_6590,Jaipur,0,581,0,current,0
TX11076,C1013,2026-09-04 00:28:55,4838.52,Debit Card,DEV_2376,Noida,0,616,0,current,0
TX11154,C1006,2026-09-04 00:37:55,2089.83,Wallet,DEV_2376,Bengaluru,1,12,0,current,0
TX11095,C1016,2026-09-04 00:45:55,4269.09,Wallet,DEV_4981,Noida,0,580,0,current,0
TX10989,C1045,2026-09-04 00:56:55,11758.39,UPI,DEV_FRAUD_BURST_99,New York,2,96,0,historical,1
TX11063,C1029,2026-09-04 01:05:55,4861.08,Wallet,DEV_5754,Mumbai,0,174,0,current,0
TX11110,C1021,2026-09-04 01:11:55,2020.24,Netbanking,DEV_5433,Pune,1,457,0,current,0
TX11092,C1005,2026-09-04 01:12:55,2755.6,UPI,DEV_9840,Noida,0,248,2,current,0
TX10899,C1043,2026-09-04 01:15:55,27846.84,Wallet,DEV_9701,Ahmedabad,2,569,0,historical,1
TX11124,C1041,2026-09-04 01:16:55,18527.05,Wallet,DEV_3216,Kolkata,1,798,0,current,0
TX11190,C1019,2026-09-04 01:19:55,1831.0,Credit Card,DEV_4629,Pune,0,740,0,current,0
TX10573,C1034,2026-09-04 01:20:55,2305.12,UPI,DEV_1774,Mumbai,0,193,0,historical,0
TX11168,C1008,2026-09-04 01:20:55,10813.82,Netbanking,DEV_5076,Kolkata,0,428,0,current,0
TX11057,C1015,2026-09-04 01:22:55,2807.15,Debit Card,DEV_4305,Jaipur,0,367,0,current,0
TX11125,C1039,2026-09-04 01:50:55,1838.54,Wallet,DEV_6420,Ahmedabad,0,92,0,current,0
TX11073,C1019,2026-09-04 01:54:55,929.9,Wallet,DEV_4629,Noida,0,740,0,current,0
TX11061,C1027,2026-09-04 02:01:55,9744.68,Debit Card,DEV_1843,Pune,0,842,0,current,0
TX11070,C1046,2026-09-04 02:01:55,2474.68,UPI,DEV_4352,Mumbai,0,596,0,current,0
TX11102,C1025,2026-09-04 02:49:55,2070.23,Wallet,DEV_5358,Pune,0,779,0,current,0
TX11082,C1041,2026-09-04 03:07:55,27967.99,Credit Card,DEV_9271,London,4,798,0,current,1
TX11172,C1001,2026-09-04 03:19:55,4853.44,Wallet,DEV_6689,Jaipur,0,590,0,current,0
TX11130,C1007,2026-09-04 03:21:55,661.38,Credit Card,DEV_3178,Pune,0,450,0,current,0
TX11067,C1032,2026-09-04 03:29:55,1065.77,Wallet,DEV_6689,Ahmedabad,0,564,0,current,0
TX10202,C1013,2026-09-04 03:39:55,3412.11,Netbanking,DEV_3905,Noida,0,616,0,historical,0
TX11195,C1032,2026-09-04 04:03:55,2753.35,Credit Card,DEV_9072,Ahmedabad,1,564,0,current,1
TX11112,C1028,2026-09-04 04:24:55,875.66,Debit Card,DEV_3066,Jaipur,0,581,0,current,0
TX10173,C1004,2026-09-04 04:39:55,3373.42,UPI,DEV_5548,Hyderabad,0,313,0,historical,0
TX11117,C1035,2026-09-04 04:43:55,9144.56,Netbanking,DEV_2201,Kolkata,1,276,0,current,0
TX11129,C1035,2026-09-04 05:03:55,4698.54,Netbanking,DEV_2201,Kolkata,0,276,0,current,0
TX11137,C1016,2026-09-04 05:11:55,3191.28,Credit Card,DEV_4981,Noida,0,580,0,current,0
TX11069,C1034,2026-09-04 05:12:55,31024.54,Credit Card,DEV_4725,London,3,193,0,current,1
TX11176,C1028,2026-09-04 05:20:55,3339.09,Wallet,DEV_6590,Jaipur,1,581,0,current,0
TX11126,C1040,2026-09-04 05:25:55,1119.89,Debit Card,DEV_8143,Mumbai,0,423,0,current,0
TX11140,C1040,2026-09-04 05:43:55,1801.49,UPI,DEV_8143,Mumbai,0,423,0,current,0
TX11139,C1044,2026-09-04 05:44:55,1693.2,Netbanking,DEV_1238,Pune,0,527,0,current,0
TX11193,C1046,2026-09-04 05:45:55,2415.23,Netbanking,DEV_4352,Mumbai,0,596,0,current,0
TX11091,C1011,2026-09-04 05:47:55,6895.42,Netbanking,DEV_2374,Pune,1,71,1,current,0
TX10334,C1033,2026-09-04 06:00:55,3402.57,Debit Card,DEV_2173,Delhi,0,888,0,historical,0
TX11089,C1019,2026-09-04 06:10:55,1929.29,Netbanking,DEV_4629,Noida,0,740,0,current,0
TX11066,C1038,2026-09-04 06:38:55,14612.18,UPI,DEV_6245,Chennai,1,429,0,current,0
TX11151,C1022,2026-09-04 06:42:55,1518.45,Wallet,DEV_9840,Delhi,0,456,0,current,0
TX11109,C1010,2026-09-04 06:56:55,1827.19,Credit Card,DEV_5009,Chennai,0,370,0,current,0
TX11128,C1005,2026-09-04 07:22:55,1158.05,Debit Card,DEV_9840,Noida,0,248,2,current,0
TX11156,C1028,2026-09-04 07:28:55,1039.41,Wallet,DEV_6590,Jaipur,0,581,0,current,0
TX11075,C1041,2026-09-04 07:29:55,15023.79,UPI,DEV_3216,Kolkata,1,798,0,current,0
TX11136,C1021,2026-09-04 07:44:55,1176.67,Debit Card,DEV_5433,Pune,0,457,0,current,0
TX11097,C1005,2026-09-04 07:51:55,1861.24,Credit Card,DEV_9840,Noida,0,248,2,current,0
TX11179,C1036,2026-09-04 08:03:55,2989.27,Credit Card,DEV_8839,Jaipur,0,816,0,current,0
TX11094,C1042,2026-09-04 08:14:55,6072.98,UPI,DEV_6487,Jaipur,0,314,0,current,0
TX11134,C1003,2026-09-04 08:19:55,6983.11,Credit Card,DEV_1774,Hyderabad,0,34,0,current,0
TX11074,C1042,2026-09-04 08:20:55,55605.08,UPI,DEV_6487,Jaipur,2,314,0,current,1
TX11170,C1030,2026-09-04 08:33:55,950.25,Wallet,DEV_1491,Chennai,0,681,0,current,0
TX11077,C1045,2026-09-04 08:37:55,4041.67,Debit Card,DEV_9564,Jaipur,1,96,0,current,0
TX11167,C1033,2026-09-04 08:38:55,5853.77,Netbanking,DEV_2173,Delhi,0,888,0,current,0
TX11088,C1035,2026-09-04 08:46:55,6010.26,UPI,DEV_2201,Kolkata,1,276,0,current,0
TX11103,C1009,2026-09-04 08:51:55,6000.07,Credit Card,DEV_3066,Kolkata,0,513,0,current,0
TX11127,C1006,2026-09-04 08:53:55,10799.6,Wallet,DEV_FRAUD_BURST_99,London,2,12,0,current,1
TX11133,C1000,2026-09-04 09:00:55,2459.57,Netbanking,DEV_6558,Ahmedabad,0,481,0,current,0
TX11181,C1032,2026-09-04 09:07:55,1111.34,UPI,DEV_4305,Ahmedabad,0,564,0,current,0
TX11135,C1038,2026-09-04 09:25:55,37172.49,UPI,DEV_FRAUD_BURST_99,London,2,429,0,current,1
TX11078,C1030,2026-09-04 09:33:55,8578.8,UPI,DEV_1491,Chennai,5,681,0,current,1
TX11100,C1023,2026-09-04 09:37:55,1121.54,Netbanking,DEV_5433,Gurugram,0,19,1,current,0
TX11084,C1022,2026-09-04 10:05:55,1709.96,UPI,DEV_9840,Delhi,0,456,0,current,0
TX11177,C1015,2026-09-04 10:06:55,5713.82,Debit Card,DEV_4305,Jaipur,0,367,0,current,0
TX11131,C1010,2026-09-04 10:09:55,2371.17,Netbanking,DEV_5009,Delhi,0,370,0,current,0
TX11188,C1046,2026-09-04 10:18:55,3985.78,Netbanking,DEV_4352,Hyderabad,1,596,0,current,0
TX11160,C1015,2026-09-04 10:20:55,54424.75,Debit Card,DEV_4305,Jaipur,3,367,0,current,1
TX11093,C1027,2026-09-04 10:22:55,10443.28,UPI,DEV_5616,Pune,0,842,0,current,0
TX11159,C1022,2026-09-04 10:22:55,4389.61,Netbanking,DEV_FRAUD_BURST_99,New York,2,456,0,current,1
TX11185,C1026,2026-09-04 10:29:55,3810.13,Wallet,DEV_4725,Hyderabad,0,545,0,current,0
TX11071,C1036,2026-09-04 10:33:55,25057.93,Netbanking,DEV_9072,New York,3,816,0,current,1
TX11192,C1012,2026-09-04 11:03:55,1578.64,UPI,DEV_9072,Jaipur,0,720,0,current,0
TX11146,C1030,2026-09-04 11:04:55,2043.03,Wallet,DEV_1491,Chennai,0,681,0,current,0
TX11060,C1002,2026-09-04 11:07:55,1202.7,Debit Card,DEV_8595,Jaipur,0,800,0,current,0
TX11149,C1045,2026-09-04 11:21:55,2706.39,Debit Card,DEV_9564,Ahmedabad,0,96,0,current,0
TX11118,C1039,2026-09-04 11:23:55,1337.26,Netbanking,DEV_5811,Ahmedabad,0,92,0,current,0
TX11162,C1018,2026-09-04 11:31:55,7568.49,UPI,DEV_3085,Chennai,0,151,0,current,0
TX11086,C1022,2026-09-04 11:31:55,1374.88,Wallet,DEV_5811,Delhi,0,456,0,current,0
TX11155,C1016,2026-09-04 11:52:55,5938.4,UPI,DEV_4981,Noida,0,580,0,current,0
TX11085,C1030,2026-09-04 11:58:55,1523.2,Netbanking,DEV_1491,Chennai,0,681,0,current,0
TX11108,C1038,2026-09-04 12:03:55,3248.55,Netbanking,DEV_6245,Chennai,0,429,0,current,0
TX11163,C1001,2026-09-04 12:08:55,3255.24,Credit Card,DEV_6689,Kolkata,0,590,0,current,0
TX11087,C1042,2026-09-04 12:13:55,3196.13,Debit Card,DEV_6590,Hyderabad,0,314,0,current,0
TX11173,C1026,2026-09-04 12:13:55,4912.13,Debit Card,DEV_4725,Hyderabad,1,545,0,current,0
TX11072,C1034,2026-09-04 12:31:55,7235.73,Wallet,DEV_1774,Mumbai,0,193,0,current,0
TX10576,C1029,2026-09-04 12:46:55,14562.48,Netbanking,DEV_FRAUD_BURST_99,New York,2,174,0,historical,1
TX11178,C1020,2026-09-04 12:59:55,2405.42,Wallet,DEV_2201,Jaipur,0,736,0,current,0
TX11101,C1038,2026-09-04 13:06:55,17252.31,Netbanking,DEV_6245,Chennai,1,429,0,current,0
TX11186,C1045,2026-09-04 13:26:55,1115.67,Netbanking,DEV_9564,Ahmedabad,0,96,0,current,0
TX11191,C1009,2026-09-04 13:41:55,4347.98,Credit Card,DEV_3066,Kolkata,0,513,0,current,0
TX11104,C1027,2026-09-04 14:13:55,8900.89,UPI,DEV_5616,Pune,0,842,0,current,0
TX11106,C1034,2026-09-04 14:15:55,14433.16,Wallet,DEV_9271,Mumbai,3,193,0,current,1
TX11153,C1034,2026-09-04 14:24:55,5487.34,UPI,DEV_1774,Mumbai,0,193,0,current,0
TX11105,C1019,2026-09-04 14:26:55,2090.95,Credit Card,DEV_4629,Noida,0,740,0,current,0
TX11165,C1024,2026-09-04 14:34:55,2265.63,Credit Card,DEV_6245,Delhi,0,85,0,current,0
TX11113,C1015,2026-09-04 14:50:55,6283.98,Debit Card,DEV_4305,Jaipur,0,367,0,current,0
TX11079,C1001,2026-09-04 15:29:55,2760.73,Wallet,DEV_6689,Kolkata,0,590,0,current,0
TX11141,C1006,2026-09-04 15:46:55,3423.63,UPI,DEV_2376,Bengaluru,0,12,0,current,0
TX11164,C1015,2026-09-04 15:47:55,22395.61,Credit Card,DEV_5790,London,2,367,0,current,1
TX11107,C1036,2026-09-04 15:58:55,4452.56,Wallet,DEV_8839,Jaipur,0,816,0,current,0
TX11174,C1022,2026-09-04 16:08:55,1801.21,UPI,DEV_9840,Delhi,0,456,0,current,0
TX11121,C1020,2026-09-04 16:27:55,5376.1,Credit Card,DEV_2201,Noida,1,736,0,current,0
TX11161,C1021,2026-09-04 16:29:55,1992.66,Netbanking,DEV_5433,Pune,0,457,0,current,0
TX11147,C1017,2026-09-04 16:37:55,4507.72,Credit Card,DEV_5637,Gurugram,0,256,0,current,0
TX11142,C1006,2026-09-04 16:37:55,3843.91,Wallet,DEV_2376,Bengaluru,0,12,0,current,0
TX11198,C1047,2026-09-04 16:38:55,391.93,Debit Card,DEV_6951,Chennai,0,96,0,current,0
TX11083,C1004,2026-09-04 16:48:55,1953.43,UPI,DEV_5548,Hyderabad,0,313,0,current,0
TX11194,C1012,2026-09-04 16:50:55,3718.41,Netbanking,DEV_8355,London,4,720,0,current,1
TX11122,C1032,2026-09-04 16:52:55,465.25,Credit Card,DEV_9485,Ahmedabad,0,564,0,current,0
TX11115,C1029,2026-09-04 17:09:55,3102.95,Credit Card,DEV_5754,Mumbai,0,174,0,current,0
TX11150,C1021,2026-09-04 17:09:55,676.7,Debit Card,DEV_5433,Pune,0,457,0,current,0
TX11196,C1012,2026-09-04 17:11:55,1098.86,Netbanking,DEV_1939,Jaipur,0,720,0,current,0
TX11171,C1035,2026-09-04 17:21:55,18776.76,Netbanking,DEV_FRAUD_BURST_99,New York,2,276,0,current,1
TX11114,C1007,2026-09-04 17:23:55,1524.65,Credit Card,DEV_3178,Pune,0,450,0,current,0
TX11138,C1002,2026-09-04 17:29:55,1099.76,Wallet,DEV_8595,Noida,0,800,0,current,0
TX11184,C1047,2026-09-04 17:40:55,663.0,UPI,DEV_3890,Chennai,0,96,0,current,0
